date,Open,High,Low,Close,Adj Close,Volume
2020. 5. 6," ₩ 252,331 "," ₩ 259,798 "," ₩ 250,874 "," ₩ 250,893 "," ₩ 24,860,826,926,561 "," ₩ 27,634,989,198,134 "
2020. 5. 7," ₩ 250,717 "," ₩ 261,147 "," ₩ 248,013 "," ₩ 258,908 "," ₩ 29,010,446,396,147 "," ₩ 28,929,589,122,890 "
2020. 5. 8," ₩ 258,797 "," ₩ 263,079 "," ₩ 254,709 "," ₩ 259,807 "," ₩ 24,934,891,958,976 "," ₩ 28,794,432,944,335 "
2020. 5. 9," ₩ 259,991 "," ₩ 261,939 "," ₩ 255,025 "," ₩ 258,110 "," ₩ 23,115,877,900,530 "," ₩ 28,614,499,669,991 "
2020. 5. 10," ₩ 258,051 "," ₩ 258,051 "," ₩ 222,871 "," ₩ 230,035 "," ₩ 30,753,079,420,016 "," ₩ 25,507,310,472,928 "
2020. 5. 11," ₩ 230,075 "," ₩ 233,024 "," ₩ 221,149 "," ₩ 227,448 "," ₩ 24,460,597,628,586 "," ₩ 25,144,974,716,044 "
2020. 5. 12," ₩ 227,404 "," ₩ 234,735 "," ₩ 227,611 "," ₩ 232,220 "," ₩ 19,451,884,132,812 "," ₩ 25,685,811,805,885 "
2020. 5. 13," ₩ 232,296 "," ₩ 245,752 "," ₩ 231,731 "," ₩ 244,478 "," ₩ 20,920,101,735,067 "," ₩ 27,101,346,866,013 "
2020. 5. 14," ₩ 244,108 "," ₩ 250,599 "," ₩ 241,771 "," ₩ 249,112 "," ₩ 24,731,545,182,466 "," ₩ 27,631,287,997,553 "
2020. 5. 15," ₩ 249,120 "," ₩ 249,890 "," ₩ 238,976 "," ₩ 241,240 "," ₩ 20,378,710,575,371 "," ₩ 26,639,670,702,280 "
2020. 5. 16," ₩ 241,228 "," ₩ 250,055 "," ₩ 239,857 "," ₩ 247,473 "," ₩ 18,965,329,693,435 "," ₩ 27,458,896,940,032 "
2020. 5. 17," ₩ 247,389 "," ₩ 257,935 "," ₩ 246,765 "," ₩ 255,445 "," ₩ 19,077,939,249,706 "," ₩ 28,349,281,406,659 "
2020. 5. 18," ₩ 255,471 "," ₩ 266,124 "," ₩ 255,318 "," ₩ 262,838 "," ₩ 21,470,028,975,575 "," ₩ 29,358,551,397,066 "
2020. 5. 19," ₩ 262,936 "," ₩ 262,936 "," ₩ 257,775 "," ₩ 261,550 "," ₩ 17,577,098,997,863 "," ₩ 29,028,441,587,210 "
2020. 5. 20," ₩ 261,544 "," ₩ 264,024 "," ₩ 255,166 "," ₩ 257,900 "," ₩ 15,598,793,400,146 "," ₩ 28,578,801,984,116 "
2020. 5. 21," ₩ 257,940 "," ₩ 260,053 "," ₩ 238,309 "," ₩ 246,549 "," ₩ 16,336,364,196,845 "," ₩ 27,241,481,423,735 "
2020. 5. 22," ₩ 246,492 "," ₩ 258,791 "," ₩ 244,481 "," ₩ 257,027 "," ₩ 14,852,881,742,071 "," ₩ 28,374,364,084,759 "
2020. 5. 23," ₩ 257,058 "," ₩ 261,018 "," ₩ 254,700 "," ₩ 258,919 "," ₩ 13,232,230,406,544 "," ₩ 28,753,574,196,909 "
2020. 5. 24," ₩ 258,946 "," ₩ 261,277 "," ₩ 251,051 "," ₩ 251,051 "," ₩ 14,681,101,446,966 "," ₩ 27,885,659,441,219 "
2020. 5. 25," ₩ 250,570 "," ₩ 256,101 "," ₩ 248,932 "," ₩ 254,806 "," ₩ 12,920,382,904,157 "," ₩ 28,292,992,208,869 "
2020. 5. 26," ₩ 254,731 "," ₩ 255,298 "," ₩ 246,844 "," ₩ 248,534 "," ₩ 12,608,442,136,150 "," ₩ 27,836,032,671,620 "
2020. 5. 27," ₩ 248,522 "," ₩ 258,661 "," ₩ 248,543 "," ₩ 258,661 "," ₩ 13,086,378,543,801 "," ₩ 28,565,835,175,121 "
2020. 5. 28," ₩ 258,688 "," ₩ 272,738 "," ₩ 255,483 "," ₩ 272,167 "," ₩ 15,124,166,606,974 "," ₩ 30,253,037,772,090 "
2020. 5. 29," ₩ 272,272 "," ₩ 277,648 "," ₩ 270,150 "," ₩ 271,781 "," ₩ 15,185,326,214,428 "," ₩ 30,361,802,015,326 "
2020. 5. 30," ₩ 271,833 "," ₩ 300,438 "," ₩ 269,403 "," ₩ 298,470 "," ₩ 18,507,593,314,099 "," ₩ 33,174,250,058,379 "
2020. 5. 31," ₩ 298,478 "," ₩ 300,564 "," ₩ 283,303 "," ₩ 284,440 "," ₩ 15,068,386,724,933 "," ₩ 31,621,741,818,299 "
2020. 6. 1," ₩ 284,297 "," ₩ 303,625 "," ₩ 283,862 "," ₩ 302,086 "," ₩ 17,181,134,401,903 "," ₩ 33,815,251,475,578 "
2020. 6. 2," ₩ 301,886 "," ₩ 308,083 "," ₩ 284,397 "," ₩ 289,440 "," ₩ 16,856,344,039,516 "," ₩ 32,259,468,719,223 "
2020. 6. 3," ₩ 289,655 "," ₩ 296,900 "," ₩ 286,704 "," ₩ 296,900 "," ₩ 12,032,728,843,409 "," ₩ 33,130,752,872,445 "
2020. 6. 4," ₩ 296,810 "," ₩ 299,385 "," ₩ 288,496 "," ₩ 297,315 "," ₩ 12,366,308,455,802 "," ₩ 33,053,320,069,907 "
2020. 6. 5," ₩ 297,222 "," ₩ 298,940 "," ₩ 289,411 "," ₩ 290,060 "," ₩ 11,304,992,057,729 "," ₩ 32,636,637,244,550 "
2020. 6. 6," ₩ 290,035 "," ₩ 295,915 "," ₩ 288,389 "," ₩ 291,458 "," ₩ 9,757,811,203,418 "," ₩ 32,361,975,436,739 "
2020. 6. 7," ₩ 291,430 "," ₩ 295,259 "," ₩ 284,705 "," ₩ 294,718 "," ₩ 11,498,863,912,994 "," ₩ 32,860,359,909,429 "
2020. 6. 8," ₩ 294,732 "," ₩ 294,947 "," ₩ 289,247 "," ₩ 294,550 "," ₩ 9,709,182,011,883 "," ₩ 32,946,136,615,761 "
2020. 6. 9," ₩ 294,388 "," ₩ 297,270 "," ₩ 290,821 "," ₩ 293,473 "," ₩ 10,100,801,391,711 "," ₩ 32,592,505,737,748 "
2020. 6. 10," ₩ 293,365 "," ₩ 296,173 "," ₩ 288,688 "," ₩ 294,618 "," ₩ 10,536,464,303,506 "," ₩ 33,000,565,789,899 "
2020. 6. 11," ₩ 294,741 "," ₩ 297,145 "," ₩ 277,346 "," ₩ 279,375 "," ₩ 14,712,177,954,918 "," ₩ 30,707,826,707,439 "
2020. 6. 12," ₩ 279,282 "," ₩ 287,620 "," ₩ 277,333 "," ₩ 285,887 "," ₩ 10,693,742,378,085 "," ₩ 31,878,615,791,087 "
2020. 6. 13," ₩ 285,949 "," ₩ 287,933 "," ₩ 283,957 "," ₩ 287,591 "," ₩ 8,596,873,594,786 "," ₩ 32,019,895,108,472 "
2020. 6. 14," ₩ 287,663 "," ₩ 287,823 "," ₩ 280,428 "," ₩ 281,783 "," ₩ 8,955,308,373,628 "," ₩ 31,381,213,659,203 "
2020. 6. 15," ₩ 281,715 "," ₩ 283,025 "," ₩ 268,978 "," ₩ 277,731 "," ₩ 12,681,354,897,047 "," ₩ 30,819,812,386,859 "
2020. 6. 16," ₩ 277,530 "," ₩ 286,188 "," ₩ 275,389 "," ₩ 284,101 "," ₩ 9,621,706,239,039 "," ₩ 31,537,118,344,459 "
2020. 6. 17," ₩ 284,193 "," ₩ 286,330 "," ₩ 278,733 "," ₩ 283,209 "," ₩ 9,333,701,539,765 "," ₩ 31,459,326,364,827 "
2020. 6. 18," ₩ 283,051 "," ₩ 284,749 "," ₩ 277,588 "," ₩ 281,390 "," ₩ 8,159,550,751,307 "," ₩ 31,425,648,161,625 "
2020. 6. 19," ₩ 281,213 "," ₩ 281,560 "," ₩ 274,018 "," ₩ 275,288 "," ₩ 8,421,504,460,192 "," ₩ 30,682,066,670,727 "
2020. 6. 20," ₩ 275,092 "," ₩ 280,513 "," ₩ 274,685 "," ₩ 277,877 "," ₩ 7,578,336,853,203 "," ₩ 30,964,807,358,394 "
2020. 6. 21," ₩ 277,807 "," ₩ 281,616 "," ₩ 276,930 "," ₩ 277,510 "," ₩ 6,787,610,705,061 "," ₩ 30,930,189,086,144 "
2020. 6. 22," ₩ 277,527 "," ₩ 294,835 "," ₩ 277,732 "," ₩ 293,220 "," ₩ 11,003,460,283,202 "," ₩ 32,760,938,843,643 "
2020. 6. 23," ₩ 293,225 "," ₩ 295,823 "," ₩ 290,796 "," ₩ 295,031 "," ₩ 8,008,991,111,327 "," ₩ 32,903,396,834,924 "
2020. 6. 24," ₩ 295,084 "," ₩ 298,357 "," ₩ 280,782 "," ₩ 284,401 "," ₩ 10,652,434,882,992 "," ₩ 31,764,839,026,676 "
2020. 6. 25," ₩ 284,317 "," ₩ 284,649 "," ₩ 277,810 "," ₩ 280,092 "," ₩ 8,456,326,650,469 "," ₩ 31,330,785,729,548 "
2020. 6. 26," ₩ 280,012 "," ₩ 280,327 "," ₩ 275,636 "," ₩ 276,457 "," ₩ 8,642,238,247,149 "," ₩ 30,795,267,957,288 "
2020. 6. 27," ₩ 276,413 "," ₩ 279,858 "," ₩ 265,499 "," ₩ 268,382 "," ₩ 8,327,828,115,018 "," ₩ 29,932,342,783,446 "
2020. 6. 28," ₩ 268,328 "," ₩ 275,169 "," ₩ 264,185 "," ₩ 271,235 "," ₩ 7,470,227,935,127 "," ₩ 30,256,575,189,143 "
2020. 6. 29," ₩ 271,252 "," ₩ 275,769 "," ₩ 266,836 "," ₩ 273,708 "," ₩ 8,095,813,817,196 "," ₩ 30,640,224,906,338 "
2020. 6. 30," ₩ 273,437 "," ₩ 275,246 "," ₩ 270,167 "," ₩ 271,429 "," ₩ 7,309,559,850,515 "," ₩ 30,286,009,023,668 "
2020. 7. 1," ₩ 271,212 "," ₩ 279,648 "," ₩ 269,663 "," ₩ 277,731 "," ₩ 7,752,218,851,666 "," ₩ 30,929,064,821,381 "
2020. 7. 2," ₩ 277,942 "," ₩ 279,062 "," ₩ 270,345 "," ₩ 275,087 "," ₩ 7,465,275,553,563 "," ₩ 30,763,119,211,670 "
2020. 7. 3," ₩ 274,999 "," ₩ 275,803 "," ₩ 269,769 "," ₩ 270,336 "," ₩ 6,126,752,014,211 "," ₩ 30,166,561,462,303 "
2020. 7. 4," ₩ 270,218 "," ₩ 275,934 "," ₩ 270,032 "," ₩ 274,758 "," ₩ 6,270,991,821,623 "," ₩ 30,669,652,372,183 "
2020. 7. 5," ₩ 274,641 "," ₩ 275,697 "," ₩ 269,325 "," ₩ 273,084 "," ₩ 6,347,590,169,921 "," ₩ 30,484,652,695,182 "
2020. 7. 6," ₩ 273,108 "," ₩ 288,605 "," ₩ 271,791 "," ₩ 287,863 "," ₩ 10,535,109,349,938 "," ₩ 32,344,441,201,367 "
2020. 7. 7," ₩ 287,222 "," ₩ 288,904 "," ₩ 280,236 "," ₩ 286,102 "," ₩ 7,677,814,082,893 "," ₩ 31,820,210,918,399 "
2020. 7. 8," ₩ 286,203 "," ₩ 296,228 "," ₩ 285,145 "," ₩ 294,158 "," ₩ 11,838,458,197,910 "," ₩ 32,966,435,261,552 "
2020. 7. 9," ₩ 294,251 "," ₩ 295,641 "," ₩ 287,094 "," ₩ 290,834 "," ₩ 10,051,827,231,085 "," ₩ 32,368,454,773,579 "
2020. 7. 10," ₩ 290,657 "," ₩ 290,994 "," ₩ 284,999 "," ₩ 289,341 "," ₩ 8,714,126,069,018 "," ₩ 32,216,357,886,687 "
2020. 7. 11," ₩ 289,413 "," ₩ 289,992 "," ₩ 286,155 "," ₩ 287,498 "," ₩ 6,775,405,203,581 "," ₩ 32,120,250,809,137 "
2020. 7. 12," ₩ 287,500 "," ₩ 292,124 "," ₩ 285,472 "," ₩ 290,684 "," ₩ 7,919,763,425,889 "," ₩ 32,481,763,593,287 "
2020. 7. 13," ₩ 290,744 "," ₩ 293,972 "," ₩ 286,721 "," ₩ 288,453 "," ₩ 9,349,351,469,721 "," ₩ 32,144,009,534,310 "
2020. 7. 14," ₩ 288,899 "," ₩ 291,947 "," ₩ 286,876 "," ₩ 289,450 "," ₩ 8,857,423,387,520 "," ₩ 32,319,270,405,637 "
2020. 7. 15," ₩ 289,368 "," ₩ 289,899 "," ₩ 284,942 "," ₩ 286,461 "," ₩ 7,458,017,123,347 "," ₩ 32,112,208,309,090 "
2020. 7. 16," ₩ 286,494 "," ₩ 287,197 "," ₩ 279,029 "," ₩ 281,593 "," ₩ 7,007,100,525,632 "," ₩ 31,380,441,945,297 "
2020. 7. 17," ₩ 281,654 "," ₩ 282,507 "," ₩ 280,004 "," ₩ 280,173 "," ₩ 7,062,526,133,957 "," ₩ 31,365,528,581,017 "
2020. 7. 18," ₩ 280,272 "," ₩ 284,711 "," ₩ 279,633 "," ₩ 283,435 "," ₩ 6,496,475,109,772 "," ₩ 31,692,301,478,785 "
2020. 7. 19," ₩ 283,405 "," ₩ 287,837 "," ₩ 280,783 "," ₩ 287,027 "," ₩ 7,524,345,265,087 "," ₩ 32,100,440,268,721 "
2020. 7. 20," ₩ 287,036 "," ₩ 288,296 "," ₩ 282,113 "," ₩ 283,627 "," ₩ 6,740,593,920,081 "," ₩ 31,787,458,667,370 "
2020. 7. 21," ₩ 283,806 "," ₩ 293,763 "," ₩ 282,850 "," ₩ 292,489 "," ₩ 8,175,046,073,667 "," ₩ 32,916,024,637,315 "
2020. 7. 22," ₩ 292,513 "," ₩ 314,888 "," ₩ 290,254 "," ₩ 313,923 "," ₩ 9,194,354,575,322 "," ₩ 35,013,949,538,934 "
2020. 7. 23," ₩ 314,161 "," ₩ 333,378 "," ₩ 312,802 "," ₩ 330,044 "," ₩ 12,309,914,392,240 "," ₩ 36,796,951,176,876 "
2020. 7. 24," ₩ 330,085 "," ₩ 343,886 "," ₩ 323,675 "," ₩ 335,502 "," ₩ 11,373,660,699,543 "," ₩ 37,539,409,355,521 "
2020. 7. 25," ₩ 335,275 "," ₩ 368,577 "," ₩ 335,275 "," ₩ 365,352 "," ₩ 12,959,174,359,764 "," ₩ 40,886,506,210,615 "
2020. 7. 26," ₩ 364,914 "," ₩ 380,167 "," ₩ 360,799 "," ₩ 372,034 "," ₩ 14,423,853,947,948 "," ₩ 41,642,870,422,138 "
2020. 7. 27," ₩ 372,051 "," ₩ 395,459 "," ₩ 372,051 "," ₩ 384,531 "," ₩ 18,796,418,413,207 "," ₩ 43,240,938,747,397 "
2020. 7. 28," ₩ 384,908 "," ₩ 388,732 "," ₩ 369,206 "," ₩ 379,784 "," ₩ 14,779,100,998,080 "," ₩ 42,398,316,020,855 "
2020. 7. 29," ₩ 379,662 "," ₩ 386,964 "," ₩ 374,744 "," ₩ 378,937 "," ₩ 13,047,597,991,738 "," ₩ 42,728,373,249,497 "
2020. 7. 30," ₩ 378,882 "," ₩ 402,826 "," ₩ 377,023 "," ₩ 398,038 "," ₩ 14,085,713,160,982 "," ₩ 44,619,087,662,535 "
2020. 7. 31," ₩ 398,094 "," ₩ 416,378 "," ₩ 391,690 "," ₩ 412,727 "," ₩ 14,312,083,568,740 "," ₩ 46,038,209,613,663 "
2020. 8. 1," ₩ 413,018 "," ₩ 464,436 "," ₩ 410,377 "," ₩ 460,079 "," ₩ 16,775,517,466,188 "," ₩ 51,531,332,491,262 "
2020. 8. 2," ₩ 460,497 "," ₩ 491,167 "," ₩ 426,569 "," ₩ 442,727 "," ₩ 22,585,609,464,685 "," ₩ 49,593,848,040,714 "
2020. 8. 3," ₩ 443,279 "," ₩ 473,572 "," ₩ 441,446 "," ₩ 460,746 "," ₩ 15,329,575,337,408 "," ₩ 51,690,487,923,718 "
2020. 8. 4," ₩ 460,580 "," ₩ 477,799 "," ₩ 458,309 "," ₩ 465,242 "," ₩ 16,801,634,852,247 "," ₩ 52,103,372,256,988 "
2020. 8. 5," ₩ 465,046 "," ₩ 481,942 "," ₩ 460,125 "," ₩ 476,327 "," ₩ 15,364,423,107,183 "," ₩ 53,701,590,922,151 "
2020. 8. 6," ₩ 476,319 "," ₩ 477,650 "," ₩ 464,909 "," ₩ 467,710 "," ₩ 13,408,417,441,963 "," ₩ 52,502,522,328,673 "
2020. 8. 7," ₩ 468,024 "," ₩ 473,008 "," ₩ 437,668 "," ₩ 451,307 "," ₩ 15,100,420,327,896 "," ₩ 50,373,759,688,630 "
2020. 8. 8," ₩ 451,353 "," ₩ 468,522 "," ₩ 448,735 "," ₩ 468,522 "," ₩ 11,109,344,831,981 "," ₩ 52,521,489,110,884 "
2020. 8. 9," ₩ 470,089 "," ₩ 475,359 "," ₩ 458,820 "," ₩ 465,101 "," ₩ 11,239,018,417,362 "," ₩ 52,145,891,385,926 "
2020. 8. 10," ₩ 465,007 "," ₩ 473,868 "," ₩ 465,007 "," ₩ 469,602 "," ₩ 13,896,202,216,120 "," ₩ 52,786,537,433,904 "
2020. 8. 11," ₩ 469,610 "," ₩ 471,773 "," ₩ 439,644 "," ₩ 451,124 "," ₩ 15,174,129,865,794 "," ₩ 50,599,668,359,939 "
2020. 8. 12," ₩ 450,744 "," ₩ 463,157 "," ₩ 436,586 "," ₩ 462,816 "," ₩ 14,716,432,200,196 "," ₩ 52,011,308,562,034 "
2020. 8. 13," ₩ 462,596 "," ₩ 513,035 "," ₩ 449,612 "," ₩ 508,106 "," ₩ 21,873,287,252,814 "," ₩ 56,921,181,129,480 "
2020. 8. 14," ₩ 508,030 "," ₩ 527,615 "," ₩ 502,442 "," ₩ 519,209 "," ₩ 17,853,196,872,316 "," ₩ 58,151,541,381,428 "
2020. 8. 15," ₩ 519,405 "," ₩ 524,380 "," ₩ 510,278 "," ₩ 514,410 "," ₩ 14,738,369,233,156 "," ₩ 57,714,858,320,626 "
2020. 8. 16," ₩ 514,404 "," ₩ 517,865 "," ₩ 492,724 "," ₩ 514,922 "," ₩ 14,444,872,382,701 "," ₩ 57,779,364,617,253 "
2020. 8. 17," ₩ 515,144 "," ₩ 524,329 "," ₩ 500,852 "," ₩ 508,604 "," ₩ 15,701,084,067,654 "," ₩ 57,219,395,159,947 "
2020. 8. 18," ₩ 508,768 "," ₩ 512,391 "," ₩ 496,965 "," ₩ 501,557 "," ₩ 14,184,195,257,594 "," ₩ 56,305,145,553,771 "
2020. 8. 19," ₩ 501,639 "," ₩ 505,115 "," ₩ 469,086 "," ₩ 480,521 "," ₩ 15,552,569,158,963 "," ₩ 54,013,723,925,031 "
2020. 8. 20," ₩ 480,870 "," ₩ 496,355 "," ₩ 479,718 "," ₩ 493,598 "," ₩ 11,872,872,473,410 "," ₩ 55,269,452,025,206 "
2020. 8. 21," ₩ 493,253 "," ₩ 495,719 "," ₩ 461,915 "," ₩ 463,924 "," ₩ 13,964,727,700,431 "," ₩ 51,785,257,988,304 "
2020. 8. 22," ₩ 463,811 "," ₩ 472,675 "," ₩ 456,399 "," ₩ 471,923 "," ₩ 12,079,391,805,023 "," ₩ 52,992,889,282,122 "
2020. 8. 23," ₩ 471,598 "," ₩ 472,704 "," ₩ 459,052 "," ₩ 466,609 "," ₩ 9,701,456,538,616 "," ₩ 52,403,455,922,301 "
2020. 8. 24," ₩ 466,960 "," ₩ 486,738 "," ₩ 463,627 "," ₩ 485,283 "," ₩ 12,314,067,057,142 "," ₩ 54,653,146,984,697 "
2020. 8. 25," ₩ 485,197 "," ₩ 485,521 "," ₩ 444,979 "," ₩ 455,997 "," ₩ 14,777,418,072,878 "," ₩ 51,288,346,573,468 "
2020. 8. 26," ₩ 455,969 "," ₩ 464,656 "," ₩ 449,621 "," ₩ 457,916 "," ₩ 11,836,120,712,720 "," ₩ 51,558,353,739,479 "
2020. 8. 27," ₩ 458,086 "," ₩ 468,018 "," ₩ 445,178 "," ₩ 454,445 "," ₩ 12,391,211,583,901 "," ₩ 50,940,881,766,251 "
2020. 8. 28," ₩ 454,441 "," ₩ 469,953 "," ₩ 452,122 "," ₩ 467,374 "," ₩ 10,832,442,596,819 "," ₩ 52,834,782,151,837 "
2020. 8. 29," ₩ 467,153 "," ₩ 478,875 "," ₩ 464,024 "," ₩ 472,151 "," ₩ 10,363,044,506,116 "," ₩ 53,063,578,384,908 "
2020. 8. 30," ₩ 471,791 "," ₩ 506,083 "," ₩ 471,782 "," ₩ 505,760 "," ₩ 13,236,937,975,846 "," ₩ 56,848,596,234,746 "
2020. 8. 31," ₩ 505,893 "," ₩ 520,847 "," ₩ 498,492 "," ₩ 516,853 "," ₩ 15,081,731,843,416 "," ₩ 57,741,674,870,724 "
2020. 9. 1," ₩ 516,609 "," ₩ 577,614 "," ₩ 512,580 "," ₩ 565,526 "," ₩ 22,408,020,203,896 "," ₩ 63,714,431,372,762 "
2020. 9. 2," ₩ 565,474 "," ₩ 570,003 "," ₩ 504,944 "," ₩ 523,494 "," ₩ 23,343,905,967,760 "," ₩ 58,655,127,504,701 "
2020. 9. 3," ₩ 523,732 "," ₩ 533,294 "," ₩ 454,211 "," ₩ 459,640 "," ₩ 23,344,318,620,579 "," ₩ 51,595,978,625,098 "
2020. 9. 4," ₩ 458,448 "," ₩ 478,759 "," ₩ 442,813 "," ₩ 461,009 "," ₩ 19,959,033,766,467 "," ₩ 52,039,535,373,223 "
2020. 9. 5," ₩ 460,768 "," ₩ 468,052 "," ₩ 376,147 "," ₩ 398,098 "," ₩ 35,480,464,969,744 "," ₩ 44,779,006,558,460 "
2020. 9. 6," ₩ 398,186 "," ₩ 427,193 "," ₩ 378,840 "," ₩ 419,589 "," ₩ 32,824,933,656,288 "," ₩ 47,202,619,424,080 "
2020. 9. 7," ₩ 419,694 "," ₩ 425,040 "," ₩ 387,290 "," ₩ 418,899 "," ₩ 25,842,551,273,987 "," ₩ 47,115,874,618,364 "
2020. 9. 8," ₩ 419,527 "," ₩ 422,217 "," ₩ 391,374 "," ₩ 401,831 "," ₩ 21,369,829,167,995 "," ₩ 45,121,528,730,165 "
2020. 9. 9," ₩ 402,096 "," ₩ 425,654 "," ₩ 395,217 "," ₩ 416,032 "," ₩ 17,315,677,872,685 "," ₩ 47,030,141,348,263 "
2020. 9. 10," ₩ 416,410 "," ₩ 447,349 "," ₩ 416,034 "," ₩ 437,382 "," ₩ 37,231,059,441,478 "," ₩ 49,090,677,142,385 "
2020. 9. 11," ₩ 437,402 "," ₩ 447,433 "," ₩ 422,599 "," ₩ 445,135 "," ₩ 32,433,699,005,203 "," ₩ 50,115,490,504,128 "
2020. 9. 12," ₩ 445,016 "," ₩ 460,392 "," ₩ 436,993 "," ₩ 459,970 "," ₩ 15,794,809,153,444 "," ₩ 51,782,345,031,125 "
2020. 9. 13," ₩ 460,369 "," ₩ 462,080 "," ₩ 420,953 "," ₩ 434,286 "," ₩ 17,826,858,180,039 "," ₩ 48,897,699,242,983 "
2020. 9. 14," ₩ 434,440 "," ₩ 454,050 "," ₩ 423,978 "," ₩ 445,875 "," ₩ 20,833,067,864,794 "," ₩ 50,467,707,065,282 "
2020. 9. 15," ₩ 445,739 "," ₩ 450,649 "," ₩ 429,074 "," ₩ 430,609 "," ₩ 19,075,749,579,996 "," ₩ 48,559,430,705,565 "
2020. 9. 16," ₩ 430,496 "," ₩ 436,806 "," ₩ 421,257 "," ₩ 429,131 "," ₩ 19,011,331,424,215 "," ₩ 48,629,659,139,801 "
2020. 9. 17," ₩ 429,193 "," ₩ 460,743 "," ₩ 428,760 "," ₩ 455,051 "," ₩ 23,343,940,915,224 "," ₩ 51,406,388,894,938 "
2020. 9. 18," ₩ 455,424 "," ₩ 457,791 "," ₩ 438,723 "," ₩ 447,785 "," ₩ 16,503,110,383,356 "," ₩ 50,652,307,622,536 "
2020. 9. 19," ₩ 447,409 "," ₩ 450,944 "," ₩ 441,214 "," ₩ 449,159 "," ₩ 12,872,676,451,378 "," ₩ 50,608,020,349,344 "
2020. 9. 20," ₩ 449,222 "," ₩ 449,222 "," ₩ 427,665 "," ₩ 432,273 "," ₩ 14,320,408,088,493 "," ₩ 48,711,726,851,608 "
2020. 9. 21," ₩ 432,677 "," ₩ 434,953 "," ₩ 392,090 "," ₩ 398,140 "," ₩ 20,268,807,210,227 "," ₩ 44,874,676,874,270 "
2020. 9. 22," ₩ 398,067 "," ₩ 403,187 "," ₩ 392,352 "," ₩ 400,864 "," ₩ 14,831,925,510,739 "," ₩ 45,232,539,541,942 "
2020. 9. 23," ₩ 400,965 "," ₩ 400,736 "," ₩ 373,441 "," ₩ 375,944 "," ₩ 15,009,679,703,102 "," ₩ 42,118,284,000,190 "
2020. 9. 24," ₩ 375,790 "," ₩ 411,069 "," ₩ 372,489 "," ₩ 408,624 "," ₩ 18,397,365,663,350 "," ₩ 46,108,833,495,556 "
2020. 9. 25," ₩ 408,689 "," ₩ 420,129 "," ₩ 397,442 "," ₩ 413,620 "," ₩ 16,820,838,370,292 "," ₩ 46,444,362,248,351 "
2020. 9. 26," ₩ 413,817 "," ₩ 417,932 "," ₩ 408,833 "," ₩ 417,501 "," ₩ 15,325,507,302,352 "," ₩ 47,077,969,412,450 "
2020. 9. 27," ₩ 416,881 "," ₩ 425,131 "," ₩ 410,861 "," ₩ 419,790 "," ₩ 15,970,252,177,777 "," ₩ 47,341,855,639,763 "
2020. 9. 28," ₩ 420,363 "," ₩ 428,134 "," ₩ 413,828 "," ₩ 414,595 "," ₩ 16,745,699,172,871 "," ₩ 47,045,289,059,049 "
2020. 9. 29," ₩ 413,666 "," ₩ 421,203 "," ₩ 411,728 "," ₩ 420,506 "," ₩ 13,541,275,451,464 "," ₩ 47,372,289,142,317 "
2020. 9. 30," ₩ 420,835 "," ₩ 420,701 "," ₩ 413,150 "," ₩ 419,248 "," ₩ 13,814,301,197,540 "," ₩ 47,462,881,693,982 "
2020. 10. 1," ₩ 419,681 "," ₩ 429,277 "," ₩ 403,337 "," ₩ 410,768 "," ₩ 17,098,366,940,195 "," ₩ 46,418,099,783,839 "
2020. 10. 2," ₩ 410,470 "," ₩ 412,686 "," ₩ 391,631 "," ₩ 403,836 "," ₩ 16,532,072,646,234 "," ₩ 45,437,191,717,787 "
2020. 10. 3," ₩ 403,812 "," ₩ 409,748 "," ₩ 402,002 "," ₩ 404,166 "," ₩ 11,733,676,817,014 "," ₩ 45,611,881,266,917 "
2020. 10. 4," ₩ 404,260 "," ₩ 412,941 "," ₩ 402,544 "," ₩ 411,234 "," ₩ 12,476,398,152,825 "," ₩ 46,414,631,617,339 "
2020. 10. 5," ₩ 411,418 "," ₩ 413,959 "," ₩ 406,788 "," ₩ 409,588 "," ₩ 13,774,137,357,088 "," ₩ 46,601,880,896,470 "
2020. 10. 6," ₩ 409,588 "," ₩ 412,013 "," ₩ 393,743 "," ₩ 397,013 "," ₩ 14,847,412,336,885 "," ₩ 44,523,499,314,951 "
2020. 10. 7," ₩ 397,161 "," ₩ 396,214 "," ₩ 389,493 "," ₩ 395,640 "," ₩ 13,897,042,248,963 "," ₩ 44,956,379,556,204 "
2020. 10. 8," ₩ 395,913 "," ₩ 405,697 "," ₩ 386,736 "," ₩ 403,858 "," ₩ 15,580,993,390,826 "," ₩ 45,846,799,700,342 "
2020. 10. 9," ₩ 404,257 "," ₩ 421,216 "," ₩ 399,557 "," ₩ 418,106 "," ₩ 15,017,766,189,727 "," ₩ 47,536,958,674,166 "
2020. 10. 10," ₩ 417,891 "," ₩ 432,603 "," ₩ 417,835 "," ₩ 424,255 "," ₩ 15,574,711,504,409 "," ₩ 47,918,603,729,488 "
2020. 10. 11," ₩ 424,210 "," ₩ 431,436 "," ₩ 422,952 "," ₩ 429,031 "," ₩ 14,392,214,835,827 "," ₩ 48,463,644,225,968 "
2020. 10. 12," ₩ 428,639 "," ₩ 453,762 "," ₩ 419,303 "," ₩ 445,271 "," ₩ 18,146,815,395,218 "," ₩ 50,098,276,362,463 "
2020. 10. 13," ₩ 444,595 "," ₩ 445,540 "," ₩ 431,586 "," ₩ 437,927 "," ₩ 16,337,993,771,504 "," ₩ 49,464,232,785,390 "
2020. 10. 14," ₩ 438,824 "," ₩ 443,539 "," ₩ 429,489 "," ₩ 435,337 "," ₩ 15,990,527,689,608 "," ₩ 49,267,526,970,785 "
2020. 10. 15," ₩ 435,003 "," ₩ 435,978 "," ₩ 425,301 "," ₩ 432,242 "," ₩ 17,166,644,871,244 "," ₩ 48,937,666,146,455 "
2020. 10. 16," ₩ 432,731 "," ₩ 435,250 "," ₩ 415,308 "," ₩ 418,311 "," ₩ 16,800,818,812,193 "," ₩ 47,407,016,526,714 "
2020. 10. 17," ₩ 418,067 "," ₩ 422,353 "," ₩ 416,323 "," ₩ 421,311 "," ₩ 12,508,480,658,684 "," ₩ 47,628,577,134,122 "
2020. 10. 18," ₩ 421,165 "," ₩ 432,400 "," ₩ 420,481 "," ₩ 431,988 "," ₩ 12,618,118,889,497 "," ₩ 48,842,710,828,343 "
2020. 10. 19," ₩ 432,280 "," ₩ 436,682 "," ₩ 427,121 "," ₩ 433,035 "," ₩ 14,632,739,662,552 "," ₩ 49,069,704,421,575 "
2020. 10. 20," ₩ 432,789 "," ₩ 433,560 "," ₩ 418,624 "," ₩ 420,632 "," ₩ 15,662,096,170,082 "," ₩ 47,579,714,393,005 "
2020. 10. 21," ₩ 420,543 "," ₩ 453,963 "," ₩ 419,151 "," ₩ 444,363 "," ₩ 23,064,989,065,217 "," ₩ 50,542,147,127,892 "
2020. 10. 22," ₩ 443,568 "," ₩ 476,949 "," ₩ 443,863 "," ₩ 469,687 "," ₩ 17,871,106,769,981 "," ₩ 53,020,814,179,712 "
2020. 10. 23," ₩ 470,003 "," ₩ 472,699 "," ₩ 455,642 "," ₩ 462,399 "," ₩ 16,182,684,141,622 "," ₩ 52,621,102,568,033 "
2020. 10. 24," ₩ 462,400 "," ₩ 470,110 "," ₩ 460,238 "," ₩ 465,436 "," ₩ 13,768,991,584,695 "," ₩ 52,661,047,700,577 "
2020. 10. 25," ₩ 465,436 "," ₩ 470,741 "," ₩ 457,417 "," ₩ 458,396 "," ₩ 12,289,000,167,333 "," ₩ 51,870,530,465,509 "
2020. 10. 26," ₩ 458,396 "," ₩ 464,180 "," ₩ 434,956 "," ₩ 446,135 "," ₩ 17,102,407,104,112 "," ₩ 50,302,283,748,457 "
2020. 10. 27," ₩ 446,134 "," ₩ 462,416 "," ₩ 440,227 "," ₩ 456,206 "," ₩ 15,789,526,835,736 "," ₩ 51,791,258,959,622 "
2020. 10. 28," ₩ 456,206 "," ₩ 461,374 "," ₩ 432,464 "," ₩ 441,189 "," ₩ 17,250,614,384,632 "," ₩ 49,679,774,996,575 "
2020. 10. 29," ₩ 441,190 "," ₩ 445,492 "," ₩ 432,244 "," ₩ 437,206 "," ₩ 14,667,094,948,255 "," ₩ 49,700,821,967,046 "
2020. 10. 30," ₩ 437,206 "," ₩ 442,853 "," ₩ 425,104 "," ₩ 435,117 "," ₩ 15,474,616,840,624 "," ₩ 49,002,006,298,453 "
2020. 10. 31," ₩ 435,117 "," ₩ 446,699 "," ₩ 433,384 "," ₩ 439,402 "," ₩ 12,817,509,399,608 "," ₩ 49,757,181,780,778 "
2020. 11. 1," ₩ 439,402 "," ₩ 451,366 "," ₩ 437,783 "," ₩ 450,523 "," ₩ 11,906,155,716,016 "," ₩ 51,020,498,871,097 "
2020. 11. 2," ₩ 450,520 "," ₩ 458,085 "," ₩ 432,859 "," ₩ 434,209 "," ₩ 15,910,414,721,268 "," ₩ 49,328,991,808,949 "
2020. 11. 3," ₩ 434,208 "," ₩ 440,718 "," ₩ 421,781 "," ₩ 438,506 "," ₩ 14,265,796,252,758 "," ₩ 49,757,386,234,578 "
2020. 11. 4," ₩ 438,507 "," ₩ 459,647 "," ₩ 431,820 "," ₩ 454,717 "," ₩ 17,112,595,999,443 "," ₩ 51,543,051,246,962 "
2020. 11. 5," ₩ 454,718 "," ₩ 469,144 "," ₩ 447,172 "," ₩ 465,258 "," ₩ 17,459,402,855,433 "," ₩ 53,050,080,646,655 "
2020. 11. 6," ₩ 465,257 "," ₩ 511,811 "," ₩ 464,007 "," ₩ 510,149 "," ₩ 18,807,645,293,431 "," ₩ 57,899,069,158,910 "
2020. 11. 7," ₩ 510,153 "," ₩ 522,441 "," ₩ 480,685 "," ₩ 488,826 "," ₩ 21,173,918,579,810 "," ₩ 55,400,191,656,394 "
2020. 11. 8," ₩ 488,832 "," ₩ 513,583 "," ₩ 485,955 "," ₩ 508,793 "," ₩ 12,668,910,064,262 "," ₩ 57,675,588,797,443 "
2020. 11. 9," ₩ 508,814 "," ₩ 513,050 "," ₩ 487,547 "," ₩ 497,325 "," ₩ 15,373,352,119,444 "," ₩ 56,482,517,294,822 "
2020. 11. 10," ₩ 497,329 "," ₩ 506,004 "," ₩ 491,745 "," ₩ 502,329 "," ₩ 13,537,479,822,798 "," ₩ 57,083,841,821,663 "
2020. 11. 11," ₩ 502,329 "," ₩ 527,151 "," ₩ 501,445 "," ₩ 515,020 "," ₩ 15,723,367,110,352 "," ₩ 58,639,837,553,881 "
2020. 11. 12," ₩ 515,019 "," ₩ 520,463 "," ₩ 503,644 "," ₩ 514,012 "," ₩ 14,325,363,043,180 "," ₩ 58,156,974,112,143 "
2020. 11. 13," ₩ 514,012 "," ₩ 526,600 "," ₩ 509,897 "," ₩ 526,183 "," ₩ 14,708,264,551,774 "," ₩ 60,018,739,150,107 "
2020. 11. 14," ₩ 526,183 "," ₩ 526,776 "," ₩ 502,192 "," ₩ 510,134 "," ₩ 11,432,183,063,751 "," ₩ 57,863,352,530,554 "
2020. 11. 15," ₩ 510,134 "," ₩ 511,070 "," ₩ 487,803 "," ₩ 495,897 "," ₩ 11,428,390,704,332 "," ₩ 56,286,927,191,456 "
2020. 11. 16," ₩ 495,897 "," ₩ 513,235 "," ₩ 493,617 "," ₩ 509,176 "," ₩ 12,676,932,799,432 "," ₩ 57,818,409,298,814 "
2020. 11. 17," ₩ 514,121 "," ₩ 533,144 "," ₩ 509,900 "," ₩ 531,154 "," ₩ 16,155,220,600,000 "," ₩ 60,340,540,532,651 "
2020. 11. 18," ₩ 531,139 "," ₩ 543,659 "," ₩ 514,510 "," ₩ 530,746 "," ₩ 19,770,878,560,555 "," ₩ 60,166,520,178,525 "
2020. 11. 19," ₩ 530,742 "," ₩ 533,330 "," ₩ 519,998 "," ₩ 525,524 "," ₩ 13,807,516,990,548 "," ₩ 59,250,717,905,104 "
2020. 11. 20," ₩ 525,525 "," ₩ 572,190 "," ₩ 525,525 "," ₩ 568,431 "," ₩ 20,758,786,916,700 "," ₩ 64,472,426,816,197 "
2020. 11. 21," ₩ 568,431 "," ₩ 613,575 "," ₩ 562,291 "," ₩ 612,749 "," ₩ 23,146,864,012,836 "," ₩ 69,561,014,422,187 "
2020. 11. 22," ₩ 612,749 "," ₩ 646,007 "," ₩ 573,754 "," ₩ 622,252 "," ₩ 24,496,116,021,498 "," ₩ 70,655,793,162,134 "
2020. 11. 23," ₩ 622,243 "," ₩ 679,620 "," ₩ 613,844 "," ₩ 677,842 "," ₩ 30,408,924,869,933 "," ₩ 77,035,956,228,085 "
2020. 11. 24," ₩ 677,919 "," ₩ 689,461 "," ₩ 660,228 "," ₩ 670,768 "," ₩ 25,936,803,414,338 "," ₩ 76,401,713,515,291 "
2020. 11. 25," ₩ 670,773 "," ₩ 670,687 "," ₩ 619,277 "," ₩ 631,448 "," ₩ 22,312,913,044,571 "," ₩ 71,994,117,062,492 "
2020. 11. 26," ₩ 631,258 "," ₩ 636,951 "," ₩ 537,118 "," ₩ 574,084 "," ₩ 34,415,663,264,643 "," ₩ 65,205,325,073,839 "
2020. 11. 27," ₩ 574,423 "," ₩ 586,307 "," ₩ 549,305 "," ₩ 571,846 "," ₩ 18,624,600,471,158 "," ₩ 65,053,839,630,554 "
2020. 11. 28," ₩ 571,961 "," ₩ 605,606 "," ₩ 561,494 "," ₩ 594,760 "," ₩ 16,321,562,543,005 "," ₩ 67,575,229,421,668 "
2020. 11. 29," ₩ 594,799 "," ₩ 637,165 "," ₩ 587,862 "," ₩ 636,232 "," ₩ 16,594,807,648,335 "," ₩ 72,295,575,870,019 "
2020. 11. 30," ₩ 636,231 "," ₩ 682,923 "," ₩ 632,257 "," ₩ 682,481 "," ₩ 22,406,633,721,942 "," ₩ 77,212,848,982,861 "
2020. 12. 1," ₩ 682,734 "," ₩ 704,057 "," ₩ 632,896 "," ₩ 649,818 "," ₩ 30,168,922,345,668 "," ₩ 74,098,015,848,410 "
2020. 12. 2," ₩ 649,748 "," ₩ 665,524 "," ₩ 639,844 "," ₩ 658,415 "," ₩ 18,679,733,689,282 "," ₩ 75,252,917,362,770 "
2020. 12. 3," ₩ 658,533 "," ₩ 679,463 "," ₩ 645,444 "," ₩ 673,643 "," ₩ 17,766,945,593,567 "," ₩ 77,148,531,498,248 "
2020. 12. 4," ₩ 673,658 "," ₩ 674,687 "," ₩ 617,029 "," ₩ 617,106 "," ₩ 17,845,860,752,007 "," ₩ 70,711,270,442,361 "
2020. 12. 5," ₩ 617,099 "," ₩ 646,632 "," ₩ 610,334 "," ₩ 646,632 "," ₩ 14,630,088,712,361 "," ₩ 73,530,103,039,384 "
2020. 12. 6," ₩ 646,603 "," ₩ 657,684 "," ₩ 633,426 "," ₩ 652,391 "," ₩ 12,237,860,213,312 "," ₩ 74,193,849,483,086 "
2020. 12. 7," ₩ 652,270 "," ₩ 653,485 "," ₩ 635,024 "," ₩ 641,961 "," ₩ 11,619,607,185,132 "," ₩ 72,961,748,519,265 "
2020. 12. 8," ₩ 642,024 "," ₩ 645,055 "," ₩ 599,894 "," ₩ 602,459 "," ₩ 15,618,234,005,494 "," ₩ 68,457,788,053,169 "
2020. 12. 9," ₩ 602,421 "," ₩ 627,659 "," ₩ 578,340 "," ₩ 623,567 "," ₩ 17,217,130,311,296 "," ₩ 70,843,784,096,200 "
2020. 12. 10," ₩ 623,594 "," ₩ 624,648 "," ₩ 598,065 "," ₩ 608,578 "," ₩ 12,692,074,424,805 "," ₩ 69,242,137,043,243 "
2020. 12. 11," ₩ 608,578 "," ₩ 608,692 "," ₩ 588,207 "," ₩ 595,899 "," ₩ 12,068,522,951,221 "," ₩ 67,534,602,477,703 "
2020. 12. 12," ₩ 595,660 "," ₩ 625,969 "," ₩ 595,296 "," ₩ 620,759 "," ₩ 9,317,987,639,503 "," ₩ 70,646,715,987,372 "
2020. 12. 13," ₩ 620,805 "," ₩ 648,287 "," ₩ 616,390 "," ₩ 643,808 "," ₩ 9,902,993,197,569 "," ₩ 73,276,614,790,702 "
2020. 12. 14," ₩ 643,938 "," ₩ 643,918 "," ₩ 629,967 "," ₩ 640,538 "," ₩ 8,871,981,090,979 "," ₩ 72,833,375,407,497 "
2020. 12. 15," ₩ 640,550 "," ₩ 651,844 "," ₩ 635,825 "," ₩ 641,932 "," ₩ 10,194,473,484,697 "," ₩ 73,339,892,803,374 "
2020. 12. 16," ₩ 641,957 "," ₩ 696,236 "," ₩ 635,822 "," ₩ 695,734 "," ₩ 17,228,305,100,379 "," ₩ 78,898,394,466,230 "
2020. 12. 17," ₩ 695,704 "," ₩ 737,677 "," ₩ 687,874 "," ₩ 702,759 "," ₩ 27,864,648,602,010 "," ₩ 80,059,200,183,549 "
2020. 12. 18," ₩ 702,811 "," ₩ 728,790 "," ₩ 692,276 "," ₩ 719,953 "," ₩ 17,224,161,261,876 "," ₩ 81,522,740,407,650 "
2020. 12. 19," ₩ 719,746 "," ₩ 735,299 "," ₩ 710,942 "," ₩ 724,885 "," ₩ 14,107,311,090,755 "," ₩ 82,565,546,946,213 "
2020. 12. 20," ₩ 724,761 "," ₩ 725,573 "," ₩ 687,116 "," ₩ 701,711 "," ₩ 14,706,485,540,864 "," ₩ 79,944,362,455,218 "
2020. 12. 21," ₩ 701,738 "," ₩ 712,796 "," ₩ 660,535 "," ₩ 672,538 "," ₩ 15,852,209,474,480 "," ₩ 76,378,928,745,447 "
2020. 12. 22," ₩ 672,099 "," ₩ 704,433 "," ₩ 652,383 "," ₩ 704,187 "," ₩ 16,262,504,874,985 "," ₩ 79,776,594,619,114 "
2020. 12. 23," ₩ 704,154 "," ₩ 706,974 "," ₩ 620,233 "," ₩ 645,296 "," ₩ 16,928,111,956,260 "," ₩ 73,782,162,899,693 "
2020. 12. 24," ₩ 645,762 "," ₩ 675,922 "," ₩ 628,596 "," ₩ 673,323 "," ₩ 15,827,900,848,322 "," ₩ 77,058,286,675,965 "
2020. 12. 25," ₩ 673,265 "," ₩ 696,937 "," ₩ 666,512 "," ₩ 689,108 "," ₩ 14,885,285,303,074 "," ₩ 78,604,834,601,748 "
2020. 12. 26," ₩ 689,204 "," ₩ 715,852 "," ₩ 679,198 "," ₩ 699,477 "," ₩ 16,238,566,223,894 "," ₩ 79,737,851,274,681 "
2020. 12. 27," ₩ 699,533 "," ₩ 782,597 "," ₩ 691,225 "," ₩ 751,206 "," ₩ 28,705,256,522,605 "," ₩ 85,617,880,581,446 "
2020. 12. 28," ₩ 751,827 "," ₩ 818,707 "," ₩ 751,827 "," ₩ 800,589 "," ₩ 26,655,463,082,809 "," ₩ 91,647,446,800,905 "
2020. 12. 29," ₩ 800,546 "," ₩ 808,251 "," ₩ 755,762 "," ₩ 799,277 "," ₩ 20,508,779,854,923 "," ₩ 91,437,029,094,081 "
2020. 12. 30," ₩ 799,226 "," ₩ 821,525 "," ₩ 787,081 "," ₩ 818,227 "," ₩ 18,896,484,145,706 "," ₩ 93,662,635,992,876 "
2020. 12. 31," ₩ 818,236 "," ₩ 820,581 "," ₩ 791,045 "," ₩ 800,996 "," ₩ 15,161,044,029,460 "," ₩ 91,614,787,334,947 "
2021. 1. 1," ₩ 800,893 "," ₩ 813,370 "," ₩ 781,500 "," ₩ 792,982 "," ₩ 14,821,298,531,692 "," ₩ 90,454,772,613,751 "
2021. 1. 2," ₩ 793,020 "," ₩ 854,251 "," ₩ 779,673 "," ₩ 840,936 "," ₩ 21,433,147,492,367 "," ₩ 95,943,367,941,327 "
2021. 1. 3," ₩ 840,911 "," ₩ 1,094,374 "," ₩ 837,708 "," ₩ 1,060,608 "," ₩ 49,075,499,092,603 "," ₩ 120,852,590,676,932 "
2021. 1. 4," ₩ 1,062,294 "," ₩ 1,247,555 "," ₩ 987,372 "," ₩ 1,130,417 "," ₩ 61,913,758,577,615 "," ₩ 129,065,320,399,185 "
2021. 1. 5," ₩ 1,131,793 "," ₩ 1,226,449 "," ₩ 1,072,265 "," ₩ 1,196,201 "," ₩ 45,136,936,537,169 "," ₩ 136,429,934,930,757 "
2021. 1. 6," ₩ 1,197,287 "," ₩ 1,315,798 "," ₩ 1,157,213 "," ₩ 1,313,278 "," ₩ 48,608,876,402,910 "," ₩ 149,835,468,523,906 "
2021. 1. 7," ₩ 1,314,329 "," ₩ 1,404,960 "," ₩ 1,270,775 "," ₩ 1,340,990 "," ₩ 44,027,190,279,031 "," ₩ 152,227,937,532,660 "
2021. 1. 8," ₩ 1,341,307 "," ₩ 1,392,268 "," ₩ 1,178,308 "," ₩ 1,338,060 "," ₩ 48,505,847,158,956 "," ₩ 152,918,889,761,535 "
2021. 1. 9," ₩ 1,337,561 "," ₩ 1,425,145 "," ₩ 1,292,233 "," ₩ 1,400,230 "," ₩ 36,324,116,490,626 "," ₩ 159,886,368,660,750 "
2021. 1. 10," ₩ 1,400,005 "," ₩ 1,473,297 "," ₩ 1,305,836 "," ₩ 1,379,648 "," ₩ 44,394,719,461,087 "," ₩ 157,554,866,657,077 "
2021. 1. 11," ₩ 1,378,966 "," ₩ 1,378,966 "," ₩ 1,014,786 "," ₩ 1,196,380 "," ₩ 66,382,439,746,203 "," ₩ 136,089,101,862,581 "
2021. 1. 12," ₩ 1,194,604 "," ₩ 1,262,986 "," ₩ 1,114,022 "," ₩ 1,141,277 "," ₩ 41,148,450,626,603 "," ₩ 130,802,646,698,715 "
2021. 1. 13," ₩ 1,141,612 "," ₩ 1,245,628 "," ₩ 1,088,922 "," ₩ 1,241,654 "," ₩ 32,933,183,880,441 "," ₩ 141,288,532,888,156 "
2021. 1. 14," ₩ 1,241,096 "," ₩ 1,365,151 "," ₩ 1,203,580 "," ₩ 1,335,314 "," ₩ 36,688,196,180,485 "," ₩ 152,867,795,666,096 "
2021. 1. 15," ₩ 1,339,067 "," ₩ 1,372,165 "," ₩ 1,203,717 "," ₩ 1,294,010 "," ₩ 39,422,105,800,807 "," ₩ 146,744,573,767,478 "
2021. 1. 16," ₩ 1,293,578 "," ₩ 1,424,566 "," ₩ 1,278,318 "," ₩ 1,362,157 "," ₩ 35,688,844,135,918 "," ₩ 155,666,891,034,500 "
2021. 1. 17," ₩ 1,362,064 "," ₩ 1,397,487 "," ₩ 1,296,830 "," ₩ 1,358,320 "," ₩ 32,308,734,576,291 "," ₩ 155,261,730,638,688 "
2021. 1. 18," ₩ 1,358,475 "," ₩ 1,390,570 "," ₩ 1,311,755 "," ₩ 1,388,175 "," ₩ 28,506,865,017,598 "," ₩ 158,687,588,868,767 "
2021. 1. 19," ₩ 1,388,346 "," ₩ 1,578,797 "," ₩ 1,382,030 "," ₩ 1,518,178 "," ₩ 52,109,504,002,603 "," ₩ 173,846,635,248,665 "
2021. 1. 20," ₩ 1,515,921 "," ₩ 1,546,699 "," ₩ 1,367,828 "," ₩ 1,516,908 "," ₩ 51,569,513,430,638 "," ₩ 174,208,069,350,965 "
2021. 1. 21," ₩ 1,517,358 "," ₩ 1,517,358 "," ₩ 1,208,304 "," ₩ 1,233,726 "," ₩ 50,406,286,821,412 "," ₩ 140,741,196,408,513 "
2021. 1. 22," ₩ 1,230,776 "," ₩ 1,405,615 "," ₩ 1,153,778 "," ₩ 1,367,014 "," ₩ 48,310,083,554,085 "," ₩ 155,550,383,217,314 "
2021. 1. 23," ₩ 1,365,638 "," ₩ 1,406,414 "," ₩ 1,327,636 "," ₩ 1,360,909 "," ₩ 30,130,271,566,247 "," ₩ 155,654,448,842,789 "
2021. 1. 24," ₩ 1,361,153 "," ₩ 1,542,440 "," ₩ 1,354,589 "," ₩ 1,538,568 "," ₩ 40,261,736,535,051 "," ₩ 175,984,894,362,360 "
2021. 1. 25," ₩ 1,537,496 "," ₩ 1,621,739 "," ₩ 1,438,982 "," ₩ 1,460,443 "," ₩ 48,166,470,953,006 "," ₩ 167,516,937,525,393 "
2021. 1. 26," ₩ 1,459,701 "," ₩ 1,515,451 "," ₩ 1,382,183 "," ₩ 1,495,654 "," ₩ 45,842,808,567,866 "," ₩ 171,216,571,965,521 "
2021. 1. 27," ₩ 1,497,060 "," ₩ 1,507,852 "," ₩ 1,347,109 "," ₩ 1,389,145 "," ₩ 43,417,762,335,940 "," ₩ 158,046,942,257,058 "
2021. 1. 28," ₩ 1,387,030 "," ₩ 1,509,890 "," ₩ 1,365,921 "," ₩ 1,483,381 "," ₩ 38,395,003,868,550 "," ₩ 169,038,235,140,492 "
2021. 1. 29," ₩ 1,524,119 "," ₩ 1,591,719 "," ₩ 1,444,493 "," ₩ 1,546,255 "," ₩ 59,682,864,883,370 "," ₩ 176,156,952,724,326 "
2021. 1. 30," ₩ 1,545,930 "," ₩ 1,568,486 "," ₩ 1,485,867 "," ₩ 1,539,090 "," ₩ 34,242,495,121,021 "," ₩ 176,179,006,241,727 "
2021. 1. 31," ₩ 1,539,882 "," ₩ 1,542,222 "," ₩ 1,441,099 "," ₩ 1,470,746 "," ₩ 28,183,172,886,079 "," ₩ 168,372,991,406,776 "
2021. 2. 1," ₩ 1,470,600 "," ₩ 1,535,162 "," ₩ 1,426,606 "," ₩ 1,529,755 "," ₩ 32,670,666,653,065 "," ₩ 175,317,963,795,047 "
2021. 2. 2," ₩ 1,530,274 "," ₩ 1,721,176 "," ₩ 1,519,763 "," ₩ 1,688,230 "," ₩ 50,771,105,275,663 "," ₩ 193,873,475,808,063 "
2021. 2. 3," ₩ 1,687,757 "," ₩ 1,849,657 "," ₩ 1,681,496 "," ₩ 1,849,657 "," ₩ 46,656,659,009,003 "," ₩ 211,936,307,626,818 "
2021. 2. 4," ₩ 1,849,948 "," ₩ 1,883,926 "," ₩ 1,748,323 "," ₩ 1,786,403 "," ₩ 49,442,184,650,928 "," ₩ 203,417,901,827,074 "
2021. 2. 5," ₩ 1,786,437 "," ₩ 1,965,219 "," ₩ 1,786,437 "," ₩ 1,921,022 "," ₩ 44,928,415,593,839 "," ₩ 220,531,044,962,723 "
2021. 2. 6," ₩ 1,920,068 "," ₩ 1,943,001 "," ₩ 1,843,247 "," ₩ 1,875,413 "," ₩ 44,568,515,929,144 "," ₩ 214,855,748,431,953 "
2021. 2. 7," ₩ 1,875,144 "," ₩ 1,889,038 "," ₩ 1,678,581 "," ₩ 1,804,597 "," ₩ 44,586,421,728,812 "," ₩ 206,733,735,857,317 "
2021. 2. 8," ₩ 1,803,943 "," ₩ 1,980,175 "," ₩ 1,757,910 "," ₩ 1,951,635 "," ₩ 53,674,485,362,945 "," ₩ 223,751,549,454,540 "
2021. 2. 9," ₩ 1,951,981 "," ₩ 2,023,538 "," ₩ 1,909,886 "," ₩ 1,964,287 "," ₩ 49,366,680,456,206 "," ₩ 226,410,210,246,427 "
2021. 2. 10," ₩ 1,964,292 "," ₩ 2,020,160 "," ₩ 1,866,292 "," ₩ 1,930,789 "," ₩ 46,568,770,009,934 "," ₩ 222,114,389,548,301 "
2021. 2. 11," ₩ 1,930,203 "," ₩ 1,992,443 "," ₩ 1,891,920 "," ₩ 1,967,905 "," ₩ 39,873,970,009,394 "," ₩ 226,349,758,482,161 "
2021. 2. 12," ₩ 1,967,565 "," ₩ 2,055,627 "," ₩ 1,925,541 "," ₩ 2,035,942 "," ₩ 41,817,250,024,045 "," ₩ 233,167,378,201,239 "
2021. 2. 13," ₩ 2,036,444 "," ₩ 2,066,943 "," ₩ 1,955,411 "," ₩ 2,003,449 "," ₩ 39,049,960,561,708 "," ₩ 229,713,689,307,872 "
2021. 2. 14," ₩ 2,003,738 "," ₩ 2,041,046 "," ₩ 1,976,728 "," ₩ 1,993,485 "," ₩ 34,720,415,321,727 "," ₩ 228,598,086,994,659 "
2021. 2. 15," ₩ 1,993,036 "," ₩ 2,021,963 "," ₩ 1,858,517 "," ₩ 1,961,917 "," ₩ 43,021,511,847,174 "," ₩ 225,422,012,827,966 "
2021. 2. 16," ₩ 1,960,985 "," ₩ 2,004,347 "," ₩ 1,914,207 "," ₩ 1,972,464 "," ₩ 37,776,153,825,309 "," ₩ 225,192,913,306,647 "
2021. 2. 17," ₩ 1,972,777 "," ₩ 2,050,703 "," ₩ 1,921,491 "," ₩ 2,044,578 "," ₩ 39,819,244,993,476 "," ₩ 234,829,473,201,590 "
2021. 2. 18," ₩ 2,044,299 "," ₩ 2,158,706 "," ₩ 2,044,299 "," ₩ 2,145,159 "," ₩ 31,253,822,005,153 "," ₩ 245,860,753,755,118 "
2021. 2. 19," ₩ 2,146,721 "," ₩ 2,179,368 "," ₩ 2,100,416 "," ₩ 2,168,021 "," ₩ 29,085,041,816,708 "," ₩ 249,022,480,782,086 "
2021. 2. 20," ₩ 2,167,731 "," ₩ 2,252,214 "," ₩ 2,024,641 "," ₩ 2,123,081 "," ₩ 38,375,264,602,727 "," ₩ 243,632,034,676,321 "
2021. 2. 21," ₩ 2,122,129 "," ₩ 2,183,610 "," ₩ 2,090,823 "," ₩ 2,140,151 "," ₩ 26,131,906,837,420 "," ₩ 245,700,278,695,482 "
2021. 2. 22," ₩ 2,140,103 "," ₩ 2,141,094 "," ₩ 1,759,449 "," ₩ 1,982,750 "," ₩ 46,891,395,899,986 "," ₩ 226,154,167,582,952 "
2021. 2. 23," ₩ 1,982,100 "," ₩ 1,982,100 "," ₩ 1,533,299 "," ₩ 1,743,318 "," ₩ 57,891,480,903,965 "," ₩ 200,557,874,354,669 "
2021. 2. 24," ₩ 1,744,731 "," ₩ 1,896,406 "," ₩ 1,676,861 "," ₩ 1,801,107 "," ₩ 34,782,999,099,380 "," ₩ 207,332,331,696,540 "
2021. 2. 25," ₩ 1,799,799 "," ₩ 1,856,925 "," ₩ 1,640,282 "," ₩ 1,652,198 "," ₩ 27,108,566,338,004 "," ₩ 187,623,878,894,836 "
2021. 2. 26," ₩ 1,655,500 "," ₩ 1,759,344 "," ₩ 1,584,005 "," ₩ 1,626,600 "," ₩ 35,195,743,227,400 "," ₩ 185,915,736,173,183 "
2021. 2. 27," ₩ 1,627,608 "," ₩ 1,715,351 "," ₩ 1,612,824 "," ₩ 1,642,280 "," ₩ 23,332,169,663,489 "," ₩ 188,613,632,022,861 "
2021. 2. 28," ₩ 1,642,153 "," ₩ 1,651,750 "," ₩ 1,462,862 "," ₩ 1,592,891 "," ₩ 31,088,061,526,936 "," ₩ 182,960,572,742,052 "
2021. 3. 1," ₩ 1,594,131 "," ₩ 1,730,156 "," ₩ 1,593,305 "," ₩ 1,725,120 "," ₩ 27,034,167,707,131 "," ₩ 202,194,508,420,948 "
2021. 3. 2," ₩ 1,724,410 "," ₩ 1,785,530 "," ₩ 1,644,235 "," ₩ 1,679,660 "," ₩ 24,832,779,584,132 "," ₩ 189,065,223,901,396 "
2021. 3. 3," ₩ 1,678,357 "," ₩ 1,853,746 "," ₩ 1,666,009 "," ₩ 1,778,042 "," ₩ 25,516,338,595,817 "," ₩ 203,761,078,803,011 "
2021. 3. 4," ₩ 1,776,655 "," ₩ 1,828,340 "," ₩ 1,707,451 "," ₩ 1,748,513 "," ₩ 25,845,068,740,501 "," ₩ 199,925,410,562,959 "
2021. 3. 5," ₩ 1,748,091 "," ₩ 1,746,355 "," ₩ 1,638,085 "," ₩ 1,729,879 "," ₩ 23,889,902,438,229 "," ₩ 199,830,530,884,162 "
2021. 3. 6," ₩ 1,728,861 "," ₩ 1,883,128 "," ₩ 1,713,933 "," ₩ 1,866,921 "," ₩ 25,662,901,858,306 "," ₩ 214,590,434,861,741 "
2021. 3. 7," ₩ 1,867,655 "," ₩ 1,952,685 "," ₩ 1,846,413 "," ₩ 1,943,920 "," ₩ 26,862,964,378,150 "," ₩ 223,488,444,248,657 "
2021. 3. 8," ₩ 1,945,133 "," ₩ 2,092,963 "," ₩ 1,893,177 "," ₩ 2,092,434 "," ₩ 31,170,998,505,949 "," ₩ 237,964,594,840,992 "
2021. 3. 9," ₩ 2,092,913 "," ₩ 2,121,928 "," ₩ 2,060,633 "," ₩ 2,121,928 "," ₩ 26,756,608,564,967 "," ₩ 244,965,954,241,771 "
2021. 3. 10," ₩ 2,122,428 "," ₩ 2,132,706 "," ₩ 2,015,036 "," ₩ 2,045,550 "," ₩ 28,572,783,339,507 "," ₩ 235,018,681,481,362 "
2021. 3. 11," ₩ 2,044,263 "," ₩ 2,084,699 "," ₩ 1,965,081 "," ₩ 2,063,500 "," ₩ 27,301,571,942,030 "," ₩ 238,795,003,288,161 "
2021. 3. 12," ₩ 2,063,897 "," ₩ 2,079,774 "," ₩ 1,961,578 "," ₩ 2,013,977 "," ₩ 25,351,239,827,761 "," ₩ 230,322,344,753,648 "
2021. 3. 13," ₩ 2,014,049 "," ₩ 2,202,115 "," ₩ 1,970,264 "," ₩ 2,187,386 "," ₩ 28,428,944,441,887 "," ₩ 251,632,352,682,505 "
2021. 3. 14," ₩ 2,186,452 "," ₩ 2,194,312 "," ₩ 2,096,979 "," ₩ 2,107,310 "," ₩ 21,984,932,192,282 "," ₩ 242,493,583,799,757 "
2021. 3. 15," ₩ 2,106,768 "," ₩ 2,145,656 "," ₩ 1,981,215 "," ₩ 2,028,906 "," ₩ 29,821,456,611,516 "," ₩ 234,258,963,494,250 "
2021. 3. 16," ₩ 2,029,711 "," ₩ 2,056,589 "," ₩ 1,950,033 "," ₩ 2,043,127 "," ₩ 26,983,165,974,340 "," ₩ 235,473,663,763,994 "
2021. 3. 17," ₩ 2,043,222 "," ₩ 2,063,693 "," ₩ 1,980,684 "," ₩ 2,045,912 "," ₩ 27,716,532,578,003 "," ₩ 237,292,237,390,700 "
2021. 3. 18," ₩ 2,045,585 "," ₩ 2,074,903 "," ₩ 1,921,705 "," ₩ 2,007,544 "," ₩ 26,102,053,777,839 "," ₩ 230,253,463,946,420 "
2021. 3. 19," ₩ 2,007,222 "," ₩ 2,079,685 "," ₩ 1,975,159 "," ₩ 2,052,934 "," ₩ 23,927,299,675,754 "," ₩ 235,613,958,573,684 "
2021. 3. 20," ₩ 2,052,819 "," ₩ 2,117,409 "," ₩ 2,046,275 "," ₩ 2,047,298 "," ₩ 25,613,526,771,896 "," ₩ 235,711,277,090,403 "
2021. 3. 21," ₩ 2,047,267 "," ₩ 2,059,404 "," ₩ 1,992,525 "," ₩ 2,019,756 "," ₩ 25,952,059,422,600 "," ₩ 232,563,220,836,952 "
2021. 3. 22," ₩ 2,019,920 "," ₩ 2,042,970 "," ₩ 1,885,917 "," ₩ 1,904,475 "," ₩ 26,654,947,174,780 "," ₩ 219,993,046,685,030 "
2021. 3. 23," ₩ 1,903,955 "," ₩ 1,951,514 "," ₩ 1,876,648 "," ₩ 1,902,112 "," ₩ 24,770,447,356,519 "," ₩ 217,699,697,699,692 "
2021. 3. 24," ₩ 1,901,378 "," ₩ 1,973,665 "," ₩ 1,783,643 "," ₩ 1,809,253 "," ₩ 35,385,124,719,604 "," ₩ 207,972,895,248,701 "
2021. 3. 25," ₩ 1,808,924 "," ₩ 1,844,263 "," ₩ 1,768,529 "," ₩ 1,811,068 "," ₩ 33,666,686,054,621 "," ₩ 208,681,241,014,565 "
2021. 3. 26," ₩ 1,810,898 "," ₩ 1,922,532 "," ₩ 1,808,050 "," ₩ 1,922,441 "," ₩ 25,597,301,470,890 "," ₩ 222,718,143,887,952 "
2021. 3. 27," ₩ 1,922,660 "," ₩ 1,956,289 "," ₩ 1,890,240 "," ₩ 1,937,854 "," ₩ 20,436,747,443,631 "," ₩ 223,293,772,557,655 "
2021. 3. 28," ₩ 1,937,753 "," ₩ 1,951,502 "," ₩ 1,888,347 "," ₩ 1,909,470 "," ₩ 18,740,140,967,879 "," ₩ 220,049,480,702,218 "
2021. 3. 29," ₩ 1,909,365 "," ₩ 2,080,081 "," ₩ 1,906,796 "," ₩ 2,061,057 "," ₩ 25,736,367,911,047 "," ₩ 236,772,653,523,946 "
2021. 3. 30," ₩ 2,060,809 "," ₩ 2,111,628 "," ₩ 2,032,612 "," ₩ 2,092,147 "," ₩ 25,498,985,467,641 "," ₩ 241,014,118,066,239 "
2021. 3. 31," ₩ 2,092,220 "," ₩ 2,197,510 "," ₩ 2,026,859 "," ₩ 2,164,300 "," ₩ 34,256,753,278,351 "," ₩ 250,635,770,623,318 "
2021. 4. 1," ₩ 2,165,197 "," ₩ 2,244,769 "," ₩ 2,158,738 "," ₩ 2,232,462 "," ₩ 34,877,534,026,892 "," ₩ 257,196,383,500,826 "
2021. 4. 2," ₩ 2,232,073 "," ₩ 2,431,808 "," ₩ 2,211,126 "," ₩ 2,421,384 "," ₩ 39,361,827,125,700 "," ₩ 279,026,894,771,646 "
2021. 4. 3," ₩ 2,421,012 "," ₩ 2,423,346 "," ₩ 2,291,681 "," ₩ 2,291,681 "," ₩ 36,166,133,847,368 "," ₩ 264,281,307,622,467 "
2021. 4. 4," ₩ 2,290,833 "," ₩ 2,384,246 "," ₩ 2,267,605 "," ₩ 2,364,791 "," ₩ 29,381,755,751,237 "," ₩ 272,743,473,031,561 "
2021. 4. 5," ₩ 2,364,946 "," ₩ 2,404,604 "," ₩ 2,291,559 "," ₩ 2,371,478 "," ₩ 32,638,962,410,836 "," ₩ 274,700,819,869,552 "
2021. 4. 6," ₩ 2,373,285 "," ₩ 2,419,159 "," ₩ 2,299,698 "," ₩ 2,369,389 "," ₩ 32,877,185,259,598 "," ₩ 274,942,037,942,400 "
2021. 4. 7," ₩ 2,368,662 "," ₩ 2,385,768 "," ₩ 2,176,134 "," ₩ 2,205,357 "," ₩ 40,395,746,313,492 "," ₩ 254,361,702,591,314 "
2021. 4. 8," ₩ 2,203,181 "," ₩ 2,335,703 "," ₩ 2,195,169 "," ₩ 2,332,601 "," ₩ 28,321,616,294,013 "," ₩ 269,644,983,967,025 "
2021. 4. 9," ₩ 2,332,823 "," ₩ 2,357,261 "," ₩ 2,304,601 "," ₩ 2,323,083 "," ₩ 22,127,350,533,215 "," ₩ 267,067,525,653,224 "
2021. 4. 10," ₩ 2,321,965 "," ₩ 2,463,096 "," ₩ 2,312,632 "," ₩ 2,394,386 "," ₩ 28,012,577,437,641 "," ₩ 276,382,337,622,201 "
2021. 4. 11," ₩ 2,394,627 "," ₩ 2,431,640 "," ₩ 2,380,736 "," ₩ 2,423,178 "," ₩ 22,075,624,365,052 "," ₩ 279,194,686,325,506 "
2021. 4. 12," ₩ 2,422,847 "," ₩ 2,476,091 "," ₩ 2,373,526 "," ₩ 2,407,716 "," ₩ 24,401,777,662,014 "," ₩ 277,368,116,526,863 "
2021. 4. 13," ₩ 2,407,729 "," ₩ 2,601,990 "," ₩ 2,406,690 "," ₩ 2,578,973 "," ₩ 33,151,722,906,199 "," ₩ 298,757,669,686,482 "
2021. 4. 14," ₩ 2,579,152 "," ₩ 2,735,493 "," ₩ 2,561,500 "," ₩ 2,718,649 "," ₩ 39,924,060,404,528 "," ₩ 315,400,454,024,883 "
2021. 4. 15," ₩ 2,719,686 "," ₩ 2,842,026 "," ₩ 2,690,482 "," ₩ 2,813,022 "," ₩ 36,089,598,987,988 "," ₩ 324,793,027,130,905 "
2021. 4. 16," ₩ 2,810,214 "," ₩ 2,851,465 "," ₩ 2,585,460 "," ₩ 2,715,609 "," ₩ 40,420,033,576,662 "," ₩ 313,655,208,067,171 "
2021. 4. 17," ₩ 2,713,414 "," ₩ 2,788,680 "," ₩ 2,605,907 "," ₩ 2,618,427 "," ₩ 36,123,090,696,868 "," ₩ 302,454,757,105,417 "
2021. 4. 18," ₩ 2,620,166 "," ₩ 2,641,391 "," ₩ 2,246,439 "," ₩ 2,498,101 "," ₩ 56,610,100,128,980 "," ₩ 288,592,264,933,094 "
2021. 4. 19," ₩ 2,499,101 "," ₩ 2,545,747 "," ₩ 2,326,712 "," ₩ 2,416,101 "," ₩ 38,033,861,743,629 "," ₩ 279,472,203,639,126 "
2021. 4. 20," ₩ 2,411,361 "," ₩ 2,621,308 "," ₩ 2,290,857 "," ₩ 2,603,099 "," ₩ 43,982,904,529,294 "," ₩ 300,324,356,549,836 "
2021. 4. 21," ₩ 2,604,159 "," ₩ 2,757,837 "," ₩ 2,505,182 "," ₩ 2,640,072 "," ₩ 43,454,481,829,356 "," ₩ 305,286,735,954,288 "
2021. 4. 22," ₩ 2,632,390 "," ₩ 2,955,570 "," ₩ 2,590,865 "," ₩ 2,690,974 "," ₩ 59,813,565,795,358 "," ₩ 310,140,485,104,121 "
2021. 4. 23," ₩ 2,688,422 "," ₩ 2,730,257 "," ₩ 2,365,871 "," ₩ 2,635,587 "," ₩ 62,040,880,021,311 "," ₩ 305,885,606,237,684 "
2021. 4. 24," ₩ 2,639,616 "," ₩ 2,640,220 "," ₩ 2,412,799 "," ₩ 2,466,250 "," ₩ 35,520,002,134,003 "," ₩ 285,099,652,559,960 "
2021. 4. 25," ₩ 2,469,359 "," ₩ 2,625,113 "," ₩ 2,422,568 "," ₩ 2,582,711 "," ₩ 35,477,142,299,900 "," ₩ 298,610,456,538,924 "
2021. 4. 26," ₩ 2,586,523 "," ₩ 2,815,918 "," ₩ 2,575,731 "," ₩ 2,813,858 "," ₩ 39,261,907,091,357 "," ₩ 326,810,529,592,072 "
2021. 4. 27," ₩ 2,813,358 "," ₩ 2,978,186 "," ₩ 2,761,404 "," ₩ 2,964,164 "," ₩ 35,833,749,365,794 "," ₩ 341,895,720,779,906 "
2021. 4. 28," ₩ 2,966,190 "," ₩ 3,060,825 "," ₩ 2,853,099 "," ₩ 3,047,544 "," ₩ 38,146,513,479,416 "," ₩ 353,586,764,858,328 "
2021. 4. 29," ₩ 3,050,063 "," ₩ 3,099,479 "," ₩ 2,959,302 "," ₩ 3,053,600 "," ₩ 36,150,598,657,602 "," ₩ 353,866,737,677,063 "
2021. 4. 30," ₩ 3,054,549 "," ₩ 3,114,080 "," ₩ 3,021,719 "," ₩ 3,099,780 "," ₩ 32,982,097,760,259 "," ₩ 355,353,040,728,714 "
2021. 5. 1," ₩ 3,099,368 "," ₩ 3,299,003 "," ₩ 3,080,444 "," ₩ 3,292,801 "," ₩ 32,109,003,204,769 "," ₩ 380,977,815,080,598 "
2021. 5. 2," ₩ 3,292,429 "," ₩ 3,336,390 "," ₩ 3,197,382 "," ₩ 3,299,685 "," ₩ 31,333,062,902,974 "," ₩ 381,819,141,331,751 "
2021. 5. 3," ₩ 3,298,701 "," ₩ 3,865,767 "," ₩ 3,298,701 "," ₩ 3,844,532 "," ₩ 54,964,967,096,736 "," ₩ 443,828,017,750,597 "
2021. 5. 4," ₩ 3,844,583 "," ₩ 3,965,804 "," ₩ 3,584,584 "," ₩ 3,663,440 "," ₩ 69,921,491,599,787 "," ₩ 421,954,976,224,301 "
2021. 5. 5," ₩ 3,648,719 "," ₩ 3,983,076 "," ₩ 3,617,566 "," ₩ 3,963,090 "," ₩ 54,422,131,179,749 "," ₩ 459,138,632,849,177 "
2021. 5. 6," ₩ 3,965,506 "," ₩ 4,036,286 "," ₩ 3,811,365 "," ₩ 3,911,220 "," ₩ 49,837,430,827,593 "," ₩ 454,643,136,472,477 "
2021. 5. 7," ₩ 3,910,351 "," ₩ 3,981,634 "," ₩ 3,777,943 "," ₩ 3,878,399 "," ₩ 44,376,376,426,688 "," ₩ 452,047,294,239,118 "
2021. 5. 8," ₩ 3,875,348 "," ₩ 4,396,415 "," ₩ 3,843,941 "," ₩ 4,343,530 "," ₩ 55,880,544,547,038 "," ₩ 502,957,431,384,120 "
2021. 5. 9," ₩ 4,353,341 "," ₩ 4,431,022 "," ₩ 4,166,948 "," ₩ 4,372,692 "," ₩ 56,280,990,030,597 "," ₩ 506,392,440,563,250 "
2021. 5. 10," ₩ 4,367,760 "," ₩ 4,671,595 "," ₩ 4,113,244 "," ₩ 4,412,893 "," ₩ 69,774,178,899,334 "," ₩ 509,475,223,950,046 "
2021. 5. 11," ₩ 4,408,403 "," ₩ 4,676,463 "," ₩ 4,233,930 "," ₩ 4,665,741 "," ₩ 58,819,024,823,311 "," ₩ 539,156,868,325,036 "
2021. 5. 12," ₩ 4,672,383 "," ₩ 4,922,636 "," ₩ 4,287,852 "," ₩ 4,287,852 "," ₩ 77,253,131,695,134 "," ₩ 490,878,156,686,149 "
2021. 5. 13," ₩ 4,336,633 "," ₩ 4,554,968 "," ₩ 4,012,535 "," ₩ 4,186,041 "," ₩ 88,793,814,023,315 "," ₩ 487,522,306,072,185 "
2021. 5. 14," ₩ 4,191,645 "," ₩ 4,699,923 "," ₩ 4,180,230 "," ₩ 4,595,303 "," ₩ 54,280,330,223,607 "," ₩ 532,573,385,332,521 "
2021. 5. 15," ₩ 4,591,804 "," ₩ 4,651,775 "," ₩ 4,098,563 "," ₩ 4,098,563 "," ₩ 47,791,290,792,108 "," ₩ 474,979,202,802,076 "
2021. 5. 16," ₩ 4,102,741 "," ₩ 4,369,809 "," ₩ 3,775,048 "," ₩ 4,041,439 "," ₩ 53,353,294,362,657 "," ₩ 468,425,377,229,082 "
2021. 5. 17," ₩ 4,034,496 "," ₩ 4,043,919 "," ₩ 3,556,179 "," ₩ 3,730,483 "," ₩ 60,902,244,265,289 "," ₩ 428,625,904,255,635 "
2021. 5. 18," ₩ 3,724,203 "," ₩ 4,018,323 "," ₩ 3,689,576 "," ₩ 3,813,193 "," ₩ 45,933,846,509,086 "," ₩ 445,342,374,683,660 "
2021. 5. 19," ₩ 3,816,112 "," ₩ 3,879,784 "," ₩ 2,207,295 "," ₩ 2,783,697 "," ₩ 95,308,580,170,229 "," ₩ 321,856,976,859,451 "
2021. 5. 20," ₩ 2,759,895 "," ₩ 3,384,764 "," ₩ 2,458,878 "," ₩ 3,140,825 "," ₩ 76,486,228,020,447 "," ₩ 365,239,491,964,331 "
2021. 5. 21," ₩ 3,127,342 "," ₩ 3,310,579 "," ₩ 2,383,412 "," ₩ 2,741,230 "," ₩ 60,659,882,404,686 "," ₩ 317,974,100,088,285 "
2021. 5. 22," ₩ 2,747,313 "," ₩ 2,801,411 "," ₩ 2,445,189 "," ₩ 2,589,074 "," ₩ 47,468,610,793,825 "," ₩ 300,289,839,325,087 "
2021. 5. 23," ₩ 2,592,075 "," ₩ 2,689,116 "," ₩ 1,959,500 "," ₩ 2,379,164 "," ₩ 63,162,693,188,278 "," ₩ 275,975,744,766,880 "
2021. 5. 24," ₩ 2,368,288 "," ₩ 3,002,798 "," ₩ 2,358,359 "," ₩ 2,969,258 "," ₩ 60,559,097,493,359 "," ₩ 345,875,442,082,036 "
2021. 5. 25," ₩ 2,975,371 "," ₩ 3,087,942 "," ₩ 2,689,265 "," ₩ 3,037,927 "," ₩ 55,663,487,417,377 "," ₩ 352,719,472,139,705 "
2021. 5. 26," ₩ 3,038,402 "," ₩ 3,254,659 "," ₩ 2,975,503 "," ₩ 3,225,291 "," ₩ 47,701,835,852,971 "," ₩ 376,225,312,141,283 "
2021. 5. 27," ₩ 3,225,351 "," ₩ 3,225,351 "," ₩ 2,955,669 "," ₩ 3,060,215 "," ₩ 37,262,346,651,160 "," ₩ 354,574,531,138,533 "
2021. 5. 28," ₩ 3,066,903 "," ₩ 3,084,922 "," ₩ 2,602,356 "," ₩ 2,695,413 "," ₩ 44,731,013,565,998 "," ₩ 314,090,380,280,556 "
2021. 5. 29," ₩ 2,688,909 "," ₩ 2,859,185 "," ₩ 2,459,928 "," ₩ 2,539,037 "," ₩ 37,618,858,267,072 "," ₩ 294,725,137,774,879 "
2021. 5. 30," ₩ 2,537,672 "," ₩ 2,753,646 "," ₩ 2,438,033 "," ₩ 2,662,446 "," ₩ 28,822,672,549,189 "," ₩ 309,085,567,942,014 "
2021. 5. 31," ₩ 2,658,985 "," ₩ 3,009,032 "," ₩ 2,535,207 "," ₩ 3,008,105 "," ₩ 34,537,625,225,148 "," ₩ 351,105,288,098,548 "
2021. 6. 1," ₩ 2,999,923 "," ₩ 3,037,203 "," ₩ 2,806,756 "," ₩ 2,918,494 "," ₩ 30,317,903,918,708 "," ₩ 338,818,729,910,336 "
2021. 6. 2," ₩ 2,919,533 "," ₩ 3,111,698 "," ₩ 2,830,487 "," ₩ 3,006,177 "," ₩ 30,723,232,559,571 "," ₩ 348,273,352,806,608 "
2021. 6. 3," ₩ 3,008,677 "," ₩ 3,218,691 "," ₩ 2,963,376 "," ₩ 3,187,094 "," ₩ 33,368,806,170,660 "," ₩ 368,376,427,062,536 "
2021. 6. 4," ₩ 3,189,371 "," ₩ 3,189,371 "," ₩ 2,864,341 "," ₩ 2,985,724 "," ₩ 38,147,262,402,548 "," ₩ 348,562,894,958,155 "
2021. 6. 5," ₩ 2,989,528 "," ₩ 3,129,324 "," ₩ 2,841,379 "," ₩ 2,921,729 "," ₩ 33,872,044,461,475 "," ₩ 339,422,392,160,085 "
2021. 6. 6," ₩ 2,920,809 "," ₩ 3,047,085 "," ₩ 2,905,719 "," ₩ 3,015,599 "," ₩ 28,113,131,664,099 "," ₩ 350,368,372,703,447 "
2021. 6. 7," ₩ 3,013,328 "," ₩ 3,163,880 "," ₩ 2,868,109 "," ₩ 2,876,024 "," ₩ 33,986,932,816,753 "," ₩ 334,298,477,027,914 "
2021. 6. 8," ₩ 2,880,842 "," ₩ 2,912,187 "," ₩ 2,584,905 "," ₩ 2,813,916 "," ₩ 46,533,270,236,616 "," ₩ 324,832,329,834,793 "
2021. 6. 9," ₩ 2,805,824 "," ₩ 2,930,814 "," ₩ 2,688,966 "," ₩ 2,914,499 "," ₩ 40,324,463,714,558 "," ₩ 338,848,977,091,226 "
2021. 6. 10," ₩ 2,917,713 "," ₩ 2,923,753 "," ₩ 2,709,650 "," ₩ 2,749,588 "," ₩ 32,129,542,565,933 "," ₩ 321,016,886,072,837 "
2021. 6. 11," ₩ 2,751,079 "," ₩ 2,775,125 "," ₩ 2,598,066 "," ₩ 2,628,100 "," ₩ 27,626,461,465,916 "," ₩ 304,417,472,176,138 "
2021. 6. 12," ₩ 2,629,199 "," ₩ 2,732,452 "," ₩ 2,529,832 "," ₩ 2,648,998 "," ₩ 28,722,539,081,680 "," ₩ 307,987,965,135,702 "
2021. 6. 13," ₩ 2,649,227 "," ₩ 2,844,246 "," ₩ 2,582,178 "," ₩ 2,800,747 "," ₩ 30,250,628,152,730 "," ₩ 325,668,486,829,534 "
2021. 6. 14," ₩ 2,801,170 "," ₩ 2,913,435 "," ₩ 2,759,417 "," ₩ 2,835,727 "," ₩ 30,107,325,988,498 "," ₩ 329,508,324,392,517 "
2021. 6. 15," ₩ 2,891,451 "," ₩ 2,949,663 "," ₩ 2,812,087 "," ₩ 2,917,461 "," ₩ 32,409,211,222,468 "," ₩ 339,285,916,160,182 "
2021. 6. 16," ₩ 2,843,633 "," ₩ 2,853,634 "," ₩ 2,667,576 "," ₩ 2,682,448 "," ₩ 26,931,498,242,724 "," ₩ 307,738,572,337,200 "
2021. 6. 17," ₩ 2,682,043 "," ₩ 2,780,473 "," ₩ 2,624,050 "," ₩ 2,691,131 "," ₩ 24,779,497,329,366 "," ₩ 312,629,626,887,295 "
2021. 6. 18," ₩ 2,694,064 "," ₩ 2,690,594 "," ₩ 2,436,250 "," ₩ 2,533,575 "," ₩ 25,813,985,144,481 "," ₩ 294,588,449,243,168 "
2021. 6. 19," ₩ 2,537,464 "," ₩ 2,586,571 "," ₩ 2,462,227 "," ₩ 2,473,141 "," ₩ 21,303,936,770,608 "," ₩ 287,774,598,782,381 "
2021. 6. 20," ₩ 2,465,011 "," ₩ 2,583,125 "," ₩ 2,327,220 "," ₩ 2,550,184 "," ₩ 25,583,915,012,810 "," ₩ 296,773,584,693,197 "
2021. 6. 21," ₩ 2,548,996 "," ₩ 2,564,426 "," ₩ 2,112,813 "," ₩ 2,136,474 "," ₩ 38,309,185,266,907 "," ₩ 249,516,674,968,636 "
2021. 6. 22," ₩ 2,134,460 "," ₩ 2,258,337 "," ₩ 1,942,364 "," ₩ 2,125,276 "," ₩ 40,215,988,344,859 "," ₩ 246,908,610,371,606 "
2021. 6. 23," ₩ 2,129,442 "," ₩ 2,323,566 "," ₩ 2,071,150 "," ₩ 2,255,544 "," ₩ 32,201,519,382,088 "," ₩ 262,549,749,250,117 "
2021. 6. 24," ₩ 2,231,989 "," ₩ 2,299,533 "," ₩ 2,142,706 "," ₩ 2,250,534 "," ₩ 22,981,080,132,455 "," ₩ 262,436,474,918,594 "
2021. 6. 25," ₩ 2,251,393 "," ₩ 2,276,609 "," ₩ 2,024,757 "," ₩ 2,044,094 "," ₩ 25,775,978,025,451 "," ₩ 238,958,036,672,572 "
2021. 6. 26," ₩ 2,041,464 "," ₩ 2,085,763 "," ₩ 1,938,511 "," ₩ 2,062,156 "," ₩ 23,265,320,629,456 "," ₩ 240,145,167,875,282 "
2021. 6. 27," ₩ 2,064,138 "," ₩ 2,232,089 "," ₩ 2,041,890 "," ₩ 2,230,890 "," ₩ 22,417,492,241,168 "," ₩ 259,819,754,020,059 "
2021. 6. 28," ₩ 2,233,699 "," ₩ 2,418,258 "," ₩ 2,220,506 "," ₩ 2,350,056 "," ₩ 28,763,667,703,908 "," ₩ 273,086,501,775,804 "
2021. 6. 29," ₩ 2,354,340 "," ₩ 2,538,034 "," ₩ 2,345,693 "," ₩ 2,444,914 "," ₩ 28,041,599,204,593 "," ₩ 284,444,092,382,360 "
2021. 6. 30," ₩ 2,448,815 "," ₩ 2,581,284 "," ₩ 2,359,339 "," ₩ 2,571,606 "," ₩ 29,224,499,854,280 "," ₩ 299,849,443,101,201 "
2021. 7. 1," ₩ 2,571,436 "," ₩ 2,571,436 "," ₩ 2,358,879 "," ₩ 2,397,700 "," ₩ 32,857,193,671,193 "," ₩ 278,442,458,191,454 "
2021. 7. 2," ₩ 2,393,488 "," ₩ 2,437,484 "," ₩ 2,295,072 "," ₩ 2,431,201 "," ₩ 36,070,007,873,892 "," ₩ 284,230,062,980,422 "
2021. 7. 3," ₩ 2,432,100 "," ₩ 2,530,174 "," ₩ 2,394,507 "," ₩ 2,517,223 "," ₩ 19,713,122,342,463 "," ₩ 293,375,501,145,241 "
2021. 7. 4," ₩ 2,517,716 "," ₩ 2,696,081 "," ₩ 2,477,334 "," ₩ 2,625,334 "," ₩ 21,243,897,517,246 "," ₩ 306,010,864,926,257 "
2021. 7. 5," ₩ 2,625,559 "," ₩ 2,625,559 "," ₩ 2,443,717 "," ₩ 2,485,720 "," ₩ 22,732,753,122,224 "," ₩ 289,813,724,709,925 "
2021. 7. 6," ₩ 2,484,970 "," ₩ 2,656,692 "," ₩ 2,484,970 "," ₩ 2,643,512 "," ₩ 23,620,362,573,981 "," ₩ 306,425,270,426,272 "
2021. 7. 7," ₩ 2,641,839 "," ₩ 2,734,125 "," ₩ 2,612,794 "," ₩ 2,642,805 "," ₩ 25,470,306,697,113 "," ₩ 306,974,091,771,887 "
2021. 7. 8," ₩ 2,645,986 "," ₩ 2,650,968 "," ₩ 2,396,078 "," ₩ 2,432,260 "," ₩ 26,469,716,274,585 "," ₩ 282,213,070,339,132 "
2021. 7. 9," ₩ 2,427,152 "," ₩ 2,500,543 "," ₩ 2,353,823 "," ₩ 2,458,628 "," ₩ 26,421,331,959,259 "," ₩ 287,237,028,493,259 "
2021. 7. 10," ₩ 2,458,980 "," ₩ 2,508,371 "," ₩ 2,384,448 "," ₩ 2,418,211 "," ₩ 20,136,316,407,960 "," ₩ 282,063,059,491,888 "
2021. 7. 11," ₩ 2,417,607 "," ₩ 2,488,134 "," ₩ 2,386,601 "," ₩ 2,450,355 "," ₩ 16,842,225,797,119 "," ₩ 285,871,205,317,381 "
2021. 7. 12," ₩ 2,451,320 "," ₩ 2,486,935 "," ₩ 2,304,246 "," ₩ 2,326,140 "," ₩ 20,348,152,764,992 "," ₩ 272,123,569,266,002 "
2021. 7. 13," ₩ 2,323,145 "," ₩ 2,334,763 "," ₩ 2,211,020 "," ₩ 2,230,512 "," ₩ 18,983,570,201,721 "," ₩ 258,538,555,635,837 "
2021. 7. 14," ₩ 2,231,758 "," ₩ 2,310,138 "," ₩ 2,149,927 "," ₩ 2,282,329 "," ₩ 19,939,014,291,074 "," ₩ 267,566,099,502,569 "
2021. 7. 15," ₩ 2,282,764 "," ₩ 2,338,281 "," ₩ 2,148,786 "," ₩ 2,180,884 "," ₩ 17,953,578,684,394 "," ₩ 255,259,081,646,969 "
2021. 7. 16," ₩ 2,187,072 "," ₩ 2,235,509 "," ₩ 2,113,543 "," ₩ 2,148,338 "," ₩ 16,985,105,726,982 "," ₩ 250,453,627,877,361 "
2021. 7. 17," ₩ 2,144,337 "," ₩ 2,190,856 "," ₩ 2,120,013 "," ₩ 2,169,408 "," ₩ 15,268,692,271,599 "," ₩ 253,244,157,121,048 "
2021. 7. 18," ₩ 2,170,972 "," ₩ 2,271,674 "," ₩ 2,151,390 "," ₩ 2,165,717 "," ₩ 15,757,210,021,701 "," ₩ 252,836,373,123,133 "
2021. 7. 19," ₩ 2,162,862 "," ₩ 2,199,429 "," ₩ 2,084,184 "," ₩ 2,091,694 "," ₩ 16,175,573,143,941 "," ₩ 242,431,375,377,132 "
2021. 7. 20," ₩ 2,093,749 "," ₩ 2,115,301 "," ₩ 1,980,054 "," ₩ 2,052,922 "," ₩ 19,991,115,958,127 "," ₩ 240,252,393,294,180 "
2021. 7. 21," ₩ 2,051,505 "," ₩ 2,330,018 "," ₩ 2,021,526 "," ₩ 2,288,818 "," ₩ 24,409,082,884,104 "," ₩ 267,045,494,905,137 "
2021. 7. 22," ₩ 2,293,246 "," ₩ 2,352,684 "," ₩ 2,249,949 "," ₩ 2,330,831 "," ₩ 20,112,786,203,724 "," ₩ 271,932,259,800,539 "
2021. 7. 23," ₩ 2,330,719 "," ₩ 2,453,372 "," ₩ 2,306,564 "," ₩ 2,447,998 "," ₩ 18,645,229,412,542 "," ₩ 285,661,086,283,765 "
2021. 7. 24," ₩ 2,447,058 "," ₩ 2,531,956 "," ₩ 2,427,890 "," ₩ 2,522,243 "," ₩ 18,500,105,377,884 "," ₩ 294,667,525,763,509 "
2021. 7. 25," ₩ 2,519,854 "," ₩ 2,528,256 "," ₩ 2,429,625 "," ₩ 2,524,727 "," ₩ 16,782,337,126,971 "," ₩ 294,991,120,891,114 "
2021. 7. 26," ₩ 2,524,653 "," ₩ 2,800,375 "," ₩ 2,508,676 "," ₩ 2,574,088 "," ₩ 34,119,270,930,572 "," ₩ 300,678,146,411,619 "
2021. 7. 27," ₩ 2,570,435 "," ₩ 2,669,391 "," ₩ 2,479,301 "," ₩ 2,653,334 "," ₩ 26,586,646,695,873 "," ₩ 309,577,263,396,442 "
2021. 7. 28," ₩ 2,657,661 "," ₩ 2,702,883 "," ₩ 2,598,924 "," ₩ 2,641,970 "," ₩ 21,924,698,943,300 "," ₩ 309,881,372,209,015 "
2021. 7. 29," ₩ 2,644,808 "," ₩ 2,740,539 "," ₩ 2,614,176 "," ₩ 2,720,505 "," ₩ 18,767,077,970,355 "," ₩ 320,180,415,187,603 "
2021. 7. 30," ₩ 2,722,320 "," ₩ 2,844,927 "," ₩ 2,665,602 "," ₩ 2,841,767 "," ₩ 23,095,402,492,033 "," ₩ 329,533,430,314,080 "
2021. 7. 31," ₩ 2,835,563 "," ₩ 2,938,759 "," ₩ 2,792,066 "," ₩ 2,921,536 "," ₩ 20,736,710,126,071 "," ₩ 341,585,256,240,831 "
2021. 8. 1," ₩ 2,914,916 "," ₩ 3,104,946 "," ₩ 2,903,937 "," ₩ 2,951,073 "," ₩ 26,146,492,228,527 "," ₩ 345,077,865,956,731 "
2021. 8. 2," ₩ 2,946,376 "," ₩ 3,068,576 "," ₩ 2,889,742 "," ₩ 3,002,987 "," ₩ 25,529,925,932,048 "," ₩ 351,623,279,139,073 "
2021. 8. 3," ₩ 3,002,135 "," ₩ 3,026,255 "," ₩ 2,813,398 "," ₩ 2,874,150 "," ₩ 26,112,659,355,554 "," ₩ 336,721,019,712,978 "
2021. 8. 4," ₩ 2,881,266 "," ₩ 3,161,508 "," ₩ 2,817,638 "," ₩ 3,119,880 "," ₩ 28,758,963,345,664 "," ₩ 366,059,314,913,333 "
2021. 8. 5," ₩ 3,121,082 "," ₩ 3,248,569 "," ₩ 2,910,789 "," ₩ 3,232,252 "," ₩ 35,563,495,924,431 "," ₩ 378,740,060,071,453 "
2021. 8. 6," ₩ 3,232,452 "," ₩ 3,375,329 "," ₩ 3,116,575 "," ₩ 3,312,788 "," ₩ 30,327,937,983,450 "," ₩ 386,679,368,296,325 "
2021. 8. 7," ₩ 3,313,665 "," ₩ 3,633,531 "," ₩ 3,287,112 "," ₩ 3,618,642 "," ₩ 37,908,714,812,804 "," ₩ 423,345,524,512,323 "
2021. 8. 8," ₩ 3,623,219 "," ₩ 3,650,002 "," ₩ 3,382,466 "," ₩ 3,453,500 "," ₩ 32,588,965,408,603 "," ₩ 404,227,903,606,134 "
2021. 8. 9," ₩ 3,452,530 "," ₩ 3,652,660 "," ₩ 3,317,106 "," ₩ 3,633,207 "," ₩ 36,650,298,894,344 "," ₩ 424,868,011,078,375 "
2021. 8. 10," ₩ 3,627,694 "," ₩ 3,721,805 "," ₩ 3,525,429 "," ₩ 3,623,883 "," ₩ 31,660,360,897,323 "," ₩ 421,766,621,682,122 "
2021. 8. 11," ₩ 3,625,197 "," ₩ 3,782,437 "," ₩ 3,603,475 "," ₩ 3,651,063 "," ₩ 30,831,450,466,009 "," ₩ 427,281,688,011,894 "
2021. 8. 12," ₩ 3,650,983 "," ₩ 3,749,725 "," ₩ 3,473,069 "," ₩ 3,539,482 "," ₩ 29,312,049,514,915 "," ₩ 411,143,962,013,876 "
2021. 8. 13," ₩ 3,545,980 "," ₩ 3,864,532 "," ₩ 3,544,730 "," ₩ 3,861,673 "," ₩ 27,759,424,691,901 "," ₩ 452,417,801,752,861 "
2021. 8. 14," ₩ 3,862,313 "," ₩ 3,869,890 "," ₩ 3,736,494 "," ₩ 3,795,686 "," ₩ 23,085,868,925,961 "," ₩ 444,502,203,998,482 "
2021. 8. 15," ₩ 3,796,654 "," ₩ 3,859,183 "," ₩ 3,624,059 "," ₩ 3,848,074 "," ₩ 25,765,553,427,623 "," ₩ 450,687,775,544,884 "
2021. 8. 16," ₩ 3,846,816 "," ₩ 3,877,774 "," ₩ 3,662,769 "," ₩ 3,681,868 "," ₩ 26,827,846,929,813 "," ₩ 429,773,680,029,214 "
2021. 8. 17," ₩ 3,673,553 "," ₩ 3,847,192 "," ₩ 3,529,690 "," ₩ 3,549,830 "," ₩ 29,754,698,260,382 "," ₩ 411,965,053,781,171 "
2021. 8. 18," ₩ 3,546,437 "," ₩ 3,658,384 "," ₩ 3,481,331 "," ₩ 3,535,559 "," ₩ 25,361,388,058,033 "," ₩ 416,625,638,715,057 "
2021. 8. 19," ₩ 3,534,432 "," ₩ 3,747,542 "," ₩ 3,483,618 "," ₩ 3,744,097 "," ₩ 22,882,451,315,755 "," ₩ 436,584,691,312,830 "
2021. 8. 20," ₩ 3,743,462 "," ₩ 3,894,865 "," ₩ 3,733,860 "," ₩ 3,862,412 "," ₩ 24,569,617,537,795 "," ₩ 453,133,589,046,306 "
2021. 8. 21," ₩ 3,862,408 "," ₩ 3,886,403 "," ₩ 3,772,363 "," ₩ 3,791,423 "," ₩ 21,285,372,831,270 "," ₩ 444,300,796,553,010 "
2021. 8. 22," ₩ 3,791,591 "," ₩ 3,845,723 "," ₩ 3,692,612 "," ₩ 3,810,265 "," ₩ 18,784,188,177,783 "," ₩ 446,621,072,624,599 "
2021. 8. 23," ₩ 3,809,374 "," ₩ 3,950,143 "," ₩ 3,805,335 "," ₩ 3,878,913 "," ₩ 24,105,486,580,698 "," ₩ 457,300,392,721,475 "
2021. 8. 24," ₩ 3,885,455 "," ₩ 3,915,278 "," ₩ 3,673,697 "," ₩ 3,694,231 "," ₩ 23,525,295,559,617 "," ₩ 434,659,246,262,655 "
2021. 8. 25," ₩ 3,696,343 "," ₩ 3,783,887 "," ₩ 3,601,041 "," ₩ 3,754,863 "," ₩ 22,011,665,297,139 "," ₩ 440,332,354,127,524 "
2021. 8. 26," ₩ 3,759,324 "," ₩ 3,783,799 "," ₩ 3,566,673 "," ₩ 3,630,484 "," ₩ 20,265,925,823,658 "," ₩ 423,318,628,518,337 "
2021. 8. 27," ₩ 3,625,895 "," ₩ 3,814,582 "," ₩ 3,597,253 "," ₩ 3,801,517 "," ₩ 21,651,344,081,745 "," ₩ 449,178,167,132,517 "
2021. 8. 28," ₩ 3,806,752 "," ₩ 3,818,075 "," ₩ 3,739,685 "," ₩ 3,771,067 "," ₩ 15,935,118,536,283 "," ₩ 442,331,656,464,488 "
2021. 8. 29," ₩ 3,773,819 "," ₩ 3,816,203 "," ₩ 3,671,615 "," ₩ 3,750,845 "," ₩ 15,455,021,655,524 "," ₩ 440,009,959,476,050 "
2021. 8. 30," ₩ 3,751,066 "," ₩ 3,904,587 "," ₩ 3,669,610 "," ₩ 3,761,265 "," ₩ 22,441,037,152,884 "," ₩ 439,702,620,612,461 "
2021. 8. 31," ₩ 3,765,212 "," ₩ 4,015,220 "," ₩ 3,726,645 "," ₩ 3,981,112 "," ₩ 31,822,979,539,976 "," ₩ 469,990,110,478,618 "
2021. 9. 1," ₩ 3,977,668 "," ₩ 4,435,817 "," ₩ 3,929,161 "," ₩ 4,433,460 "," ₩ 34,864,557,362,133 "," ₩ 521,755,739,029,759 "
2021. 9. 2," ₩ 4,422,130 "," ₩ 4,439,880 "," ₩ 4,324,184 "," ₩ 4,390,432 "," ₩ 28,194,365,358,816 "," ₩ 514,379,453,006,188 "
2021. 9. 3," ₩ 4,386,374 "," ₩ 4,648,080 "," ₩ 4,294,942 "," ₩ 4,554,365 "," ₩ 30,351,807,619,104 "," ₩ 535,676,318,349,705 "
2021. 9. 4," ₩ 4,551,240 "," ₩ 4,587,690 "," ₩ 4,435,689 "," ₩ 4,493,358 "," ₩ 24,047,647,866,541 "," ₩ 527,478,499,680,492 "
2021. 9. 5," ₩ 4,491,627 "," ₩ 4,599,367 "," ₩ 4,436,332 "," ₩ 4,567,677 "," ₩ 21,232,824,806,952 "," ₩ 536,264,842,327,044 "
2021. 9. 6," ₩ 4,566,969 "," ₩ 4,589,799 "," ₩ 4,471,635 "," ₩ 4,543,324 "," ₩ 21,583,270,262,422 "," ₩ 533,102,801,866,057 "
2021. 9. 7," ₩ 4,541,183 "," ₩ 4,568,721 "," ₩ 3,562,554 "," ₩ 3,981,461 "," ₩ 45,256,932,105,039 "," ₩ 465,351,928,812,624 "
2021. 9. 8," ₩ 3,983,766 "," ₩ 4,155,740 "," ₩ 3,765,773 "," ₩ 4,083,078 "," ₩ 36,879,967,306,749 "," ₩ 477,280,583,938,983 "
2021. 9. 9," ₩ 4,030,813 "," ₩ 4,160,742 "," ₩ 3,977,565 "," ₩ 4,010,188 "," ₩ 28,157,572,697,960 "," ₩ 469,995,712,616,837 "
2021. 9. 10," ₩ 4,008,111 "," ₩ 4,119,985 "," ₩ 3,694,959 "," ₩ 3,758,682 "," ₩ 26,157,795,081,586 "," ₩ 441,417,592,183,497 "
2021. 9. 11," ₩ 3,755,785 "," ₩ 3,916,708 "," ₩ 3,755,705 "," ₩ 3,827,468 "," ₩ 21,800,812,139,704 "," ₩ 449,670,897,740,839 "
2021. 9. 12," ₩ 3,827,484 "," ₩ 4,052,403 "," ₩ 3,786,307 "," ₩ 3,991,163 "," ₩ 19,674,569,321,936 "," ₩ 468,955,473,321,973 "
2021. 9. 13," ₩ 3,988,046 "," ₩ 4,018,930 "," ₩ 3,664,556 "," ₩ 3,850,988 "," ₩ 26,592,912,964,914 "," ₩ 451,870,220,458,629 "
2021. 9. 14," ₩ 3,851,931 "," ₩ 4,018,129 "," ₩ 3,841,771 "," ₩ 4,018,129 "," ₩ 22,417,134,745,851 "," ₩ 472,378,913,894,800 "
2021. 9. 15," ₩ 4,020,529 "," ₩ 4,216,207 "," ₩ 3,939,406 "," ₩ 4,216,207 "," ₩ 20,562,515,348,055 "," ₩ 497,920,097,526,156 "
2021. 9. 16," ₩ 4,213,631 "," ₩ 4,299,337 "," ₩ 4,101,089 "," ₩ 4,197,772 "," ₩ 23,433,867,585,710 "," ₩ 489,595,781,200,936 "
2021. 9. 17," ₩ 4,195,743 "," ₩ 4,235,773 "," ₩ 3,967,391 "," ₩ 4,017,141 "," ₩ 20,831,224,316,262 "," ₩ 469,642,590,896,792 "
2021. 9. 18," ₩ 4,015,822 "," ₩ 4,185,305 "," ₩ 3,985,644 "," ₩ 4,056,714 "," ₩ 18,906,670,220,311 "," ₩ 476,987,140,009,748 "
2021. 9. 19," ₩ 4,058,215 "," ₩ 4,075,986 "," ₩ 3,884,443 "," ₩ 3,935,775 "," ₩ 16,852,779,868,711 "," ₩ 462,784,674,539,567 "
2021. 9. 20," ₩ 3,936,038 "," ₩ 3,950,310 "," ₩ 3,479,836 "," ₩ 3,513,280 "," ₩ 32,356,352,899,900 "," ₩ 411,371,264,759,111 "
2021. 9. 21," ₩ 3,535,028 "," ₩ 3,672,824 "," ₩ 3,170,179 "," ₩ 3,272,643 "," ₩ 36,100,614,589,989 "," ₩ 386,061,476,328,274 "
2021. 9. 22," ₩ 3,271,196 "," ₩ 3,645,111 "," ₩ 3,249,699 "," ₩ 3,638,128 "," ₩ 28,106,839,826,254 "," ₩ 428,621,935,905,036 "
2021. 9. 23," ₩ 3,638,253 "," ₩ 3,723,835 "," ₩ 3,602,084 "," ₩ 3,707,109 "," ₩ 21,886,783,324,039 "," ₩ 438,813,721,570,447 "
2021. 9. 24," ₩ 3,705,980 "," ₩ 3,704,508 "," ₩ 3,237,381 "," ₩ 3,460,132 "," ₩ 30,069,502,692,690 "," ₩ 405,237,356,484,012 "
2021. 9. 25," ₩ 3,459,206 "," ₩ 3,504,185 "," ₩ 3,327,118 "," ₩ 3,452,928 "," ₩ 22,345,610,894,192 "," ₩ 406,320,230,286,812 "
2021. 9. 26," ₩ 3,453,846 "," ₩ 3,676,575 "," ₩ 3,239,321 "," ₩ 3,614,085 "," ₩ 24,989,369,165,563 "," ₩ 425,354,429,516,470 "
2021. 9. 27," ₩ 3,618,301 "," ₩ 3,719,360 "," ₩ 3,454,595 "," ₩ 3,456,298 "," ₩ 22,617,411,056,398 "," ₩ 407,583,138,532,924 "
2021. 9. 28," ₩ 3,450,202 "," ₩ 3,513,685 "," ₩ 3,317,313 "," ₩ 3,334,759 "," ₩ 19,901,727,341,534 "," ₩ 389,267,489,944,408 "
2021. 9. 29," ₩ 3,337,135 "," ₩ 3,490,824 "," ₩ 3,311,637 "," ₩ 3,390,765 "," ₩ 18,725,245,125,298 "," ₩ 399,005,515,023,438 "
2021. 9. 30," ₩ 3,390,070 "," ₩ 3,606,528 "," ₩ 3,370,937 "," ₩ 3,556,153 "," ₩ 20,988,962,908,554 "," ₩ 420,016,900,314,386 "
2021. 10. 1," ₩ 3,555,502 "," ₩ 3,928,628 "," ₩ 3,538,277 "," ₩ 3,904,520 "," ₩ 26,428,319,904,440 "," ₩ 461,419,729,314,479 "
2021. 10. 2," ₩ 3,906,119 "," ₩ 4,090,238 "," ₩ 3,848,460 "," ₩ 4,003,892 "," ₩ 22,668,738,430,231 "," ₩ 471,530,811,554,139 "
2021. 10. 3," ₩ 4,002,798 "," ₩ 4,113,574 "," ₩ 3,952,453 "," ₩ 4,037,083 "," ₩ 18,317,294,643,254 "," ₩ 475,291,548,503,970 "
2021. 10. 4," ₩ 4,037,576 "," ₩ 4,068,764 "," ₩ 3,884,344 "," ₩ 4,004,662 "," ₩ 20,959,397,192,377 "," ₩ 470,223,367,171,152 "
2021. 10. 5," ₩ 4,006,671 "," ₩ 4,201,826 "," ₩ 3,998,928 "," ₩ 4,177,906 "," ₩ 19,705,961,958,693 "," ₩ 491,103,512,960,092 "
2021. 10. 6," ₩ 4,175,593 "," ₩ 4,328,513 "," ₩ 4,015,404 "," ₩ 4,265,721 "," ₩ 25,951,005,330,488 "," ₩ 500,927,688,127,901 "
2021. 10. 7," ₩ 4,261,256 "," ₩ 4,348,535 "," ₩ 4,141,103 "," ₩ 4,274,211 "," ₩ 22,743,351,670,148 "," ₩ 503,691,667,353,226 "
2021. 10. 8," ₩ 4,274,042 "," ₩ 4,385,983 "," ₩ 4,244,624 "," ₩ 4,264,323 "," ₩ 19,324,654,848,170 "," ₩ 500,309,178,511,886 "
2021. 10. 9," ₩ 4,259,822 "," ₩ 4,342,419 "," ₩ 4,241,446 "," ₩ 4,278,631 "," ₩ 15,204,986,263,617 "," ₩ 504,286,883,139,400 "
2021. 10. 10," ₩ 4,277,798 "," ₩ 4,311,571 "," ₩ 4,086,288 "," ₩ 4,099,309 "," ₩ 19,350,788,658,471 "," ₩ 483,206,035,275,388 "
2021. 10. 11," ₩ 4,091,979 "," ₩ 4,327,657 "," ₩ 4,051,335 "," ₩ 4,239,913 "," ₩ 22,231,495,984,854 "," ₩ 500,118,629,382,020 "
2021. 10. 12," ₩ 4,241,257 "," ₩ 4,241,257 "," ₩ 4,088,495 "," ₩ 4,184,176 "," ₩ 21,657,366,972,348 "," ₩ 492,451,771,607,097 "
2021. 10. 13," ₩ 4,184,392 "," ₩ 4,285,673 "," ₩ 4,071,800 "," ₩ 4,280,161 "," ₩ 19,421,446,257,574 "," ₩ 509,420,875,132,256 "
2021. 10. 14," ₩ 4,278,686 "," ₩ 4,523,496 "," ₩ 4,266,648 "," ₩ 4,476,388 "," ₩ 23,077,277,252,587 "," ₩ 529,916,169,180,376 "
2021. 10. 15," ₩ 4,481,283 "," ₩ 4,607,098 "," ₩ 4,418,947 "," ₩ 4,568,686 "," ₩ 24,790,111,389,083 "," ₩ 538,638,324,363,048 "
2021. 10. 16," ₩ 4,572,272 "," ₩ 4,686,750 "," ₩ 4,501,564 "," ₩ 4,530,538 "," ₩ 19,608,405,729,508 "," ₩ 534,401,250,387,168 "
2021. 10. 17," ₩ 4,529,919 "," ₩ 4,630,502 "," ₩ 4,329,867 "," ₩ 4,550,328 "," ₩ 18,815,930,180,689 "," ₩ 536,795,869,092,188 "
2021. 10. 18," ₩ 4,551,068 "," ₩ 4,599,623 "," ₩ 4,380,672 "," ₩ 4,445,561 "," ₩ 20,564,279,774,574 "," ₩ 523,133,817,343,358 "
2021. 10. 19," ₩ 4,443,667 "," ₩ 4,566,549 "," ₩ 4,428,385 "," ₩ 4,559,168 "," ₩ 18,972,526,114,855 "," ₩ 542,592,083,442,273 "
2021. 10. 20," ₩ 4,559,262 "," ₩ 4,898,447 "," ₩ 4,497,024 "," ₩ 4,885,750 "," ₩ 23,912,881,417,704 "," ₩ 576,642,315,502,771 "
2021. 10. 21," ₩ 4,892,476 "," ₩ 5,136,306 "," ₩ 4,748,243 "," ₩ 4,774,172 "," ₩ 33,175,973,066,240 "," ₩ 562,521,697,530,483 "
2021. 10. 22," ₩ 4,775,778 "," ₩ 4,906,398 "," ₩ 4,601,294 "," ₩ 4,675,048 "," ₩ 22,883,275,653,766 "," ₩ 551,828,559,395,857 "
2021. 10. 23," ₩ 4,676,431 "," ₩ 4,911,717 "," ₩ 4,644,962 "," ₩ 4,911,717 "," ₩ 17,405,852,012,013 "," ₩ 579,893,934,546,015 "
2021. 10. 24," ₩ 4,911,943 "," ₩ 4,928,278 "," ₩ 4,671,443 "," ₩ 4,813,666 "," ₩ 17,635,195,675,292 "," ₩ 568,247,204,992,667 "
2021. 10. 25," ₩ 4,809,571 "," ₩ 4,947,154 "," ₩ 4,794,779 "," ₩ 4,926,736 "," ₩ 18,835,593,574,494 "," ₩ 586,450,727,495,906 "
2021. 10. 26," ₩ 4,926,107 "," ₩ 5,011,044 "," ₩ 4,797,504 "," ₩ 4,826,490 "," ₩ 20,041,252,099,387 "," ₩ 569,826,944,999,023 "
2021. 10. 27," ₩ 4,827,742 "," ₩ 5,031,303 "," ₩ 4,606,655 "," ₩ 4,606,655 "," ₩ 30,633,063,957,351 "," ₩ 542,309,649,437,688 "
2021. 10. 28," ₩ 4,600,277 "," ₩ 5,012,990 "," ₩ 4,580,264 "," ₩ 5,009,171 "," ₩ 30,425,555,650,757 "," ₩ 593,554,068,645,373 "
2021. 10. 29," ₩ 5,010,770 "," ₩ 5,236,704 "," ₩ 4,995,926 "," ₩ 5,185,606 "," ₩ 26,834,686,281,816 "," ₩ 609,319,297,307,287 "
2021. 10. 30," ₩ 5,185,015 "," ₩ 5,199,821 "," ₩ 4,995,022 "," ₩ 5,080,952 "," ₩ 17,167,501,443,705 "," ₩ 600,279,361,042,118 "
2021. 10. 31," ₩ 5,077,539 "," ₩ 5,161,765 "," ₩ 4,908,714 "," ₩ 5,036,813 "," ₩ 20,553,513,996,944 "," ₩ 595,132,174,593,510 "
2021. 11. 1," ₩ 5,036,981 "," ₩ 5,156,960 "," ₩ 4,902,630 "," ₩ 5,092,505 "," ₩ 21,125,691,458,830 "," ₩ 600,273,384,422,352 "
2021. 11. 2," ₩ 5,090,002 "," ₩ 5,423,197 "," ₩ 5,041,606 "," ₩ 5,406,030 "," ₩ 24,486,699,593,550 "," ₩ 638,056,529,342,355 "
2021. 11. 3," ₩ 5,411,791 "," ₩ 5,506,231 "," ₩ 5,285,947 "," ₩ 5,438,052 "," ₩ 25,021,483,019,063 "," ₩ 642,096,095,585,703 "
2021. 11. 4," ₩ 5,435,084 "," ₩ 5,424,735 "," ₩ 5,250,856 "," ₩ 5,380,858 "," ₩ 21,736,238,344,093 "," ₩ 633,083,104,896,616 "
2021. 11. 5," ₩ 5,380,975 "," ₩ 5,418,557 "," ₩ 5,255,809 "," ₩ 5,300,497 "," ₩ 17,890,641,622,463 "," ₩ 628,981,609,102,899 "
2021. 11. 6," ₩ 5,296,249 "," ₩ 5,353,373 "," ₩ 5,121,771 "," ₩ 5,342,248 "," ₩ 17,047,954,120,640 "," ₩ 631,649,800,968,199 "
2021. 11. 7," ₩ 5,345,085 "," ₩ 5,483,249 "," ₩ 5,329,728 "," ₩ 5,460,104 "," ₩ 15,999,135,783,094 "," ₩ 645,549,945,437,689 "
2021. 11. 8," ₩ 5,459,035 "," ₩ 5,787,517 "," ₩ 5,459,035 "," ₩ 5,778,651 "," ₩ 22,796,031,515,702 "," ₩ 672,498,162,789,214 "
2021. 11. 9," ₩ 5,776,230 "," ₩ 5,697,012 "," ₩ 5,562,671 "," ₩ 5,580,268 "," ₩ 25,018,956,375,204 "," ₩ 672,541,634,805,920 "
2021. 11. 10," ₩ 5,578,258 "," ₩ 5,739,783 "," ₩ 5,313,624 "," ₩ 5,494,525 "," ₩ 26,808,657,997,669 "," ₩ 646,305,062,000,161 "
2021. 11. 11," ₩ 5,493,671 "," ₩ 5,635,268 "," ₩ 5,428,160 "," ₩ 5,630,765 "," ₩ 21,253,388,830,011 "," ₩ 663,231,180,090,035 "
2021. 11. 12," ₩ 5,623,531 "," ₩ 5,665,355 "," ₩ 5,317,553 "," ₩ 5,506,940 "," ₩ 21,802,339,107,754 "," ₩ 657,305,011,181,361 "
2021. 11. 13," ₩ 5,506,472 "," ₩ 5,548,237 "," ₩ 5,406,721 "," ₩ 5,488,468 "," ₩ 17,058,979,628,761 "," ₩ 649,451,804,079,734 "
2021. 11. 14," ₩ 5,485,131 "," ₩ 5,533,757 "," ₩ 5,329,736 "," ₩ 5,458,894 "," ₩ 14,363,425,905,569 "," ₩ 646,019,013,662,592 "
2021. 11. 15," ₩ 5,459,758 "," ₩ 5,622,127 "," ₩ 5,383,060 "," ₩ 5,394,261 "," ₩ 19,204,767,431,555 "," ₩ 636,480,233,611,021 "
2021. 11. 16," ₩ 5,409,618 "," ₩ 5,772,472 "," ₩ 4,899,231 "," ₩ 4,992,809 "," ₩ 32,451,356,315,424 "," ₩ 590,723,530,931,713 "
2021. 11. 17," ₩ 4,989,902 "," ₩ 5,077,924 "," ₩ 4,852,814 "," ₩ 5,066,910 "," ₩ 26,268,546,350,097 "," ₩ 601,050,128,296,025 "
2021. 11. 18," ₩ 5,067,157 "," ₩ 5,129,082 "," ₩ 4,683,893 "," ₩ 4,732,790 "," ₩ 25,269,887,147,567 "," ₩ 559,756,700,154,033 "
2021. 11. 19," ₩ 4,726,968 "," ₩ 5,139,986 "," ₩ 4,710,314 "," ₩ 5,122,464 "," ₩ 24,400,980,199,945 "," ₩ 602,102,845,767,741 "
2021. 11. 20," ₩ 5,122,516 "," ₩ 5,284,638 "," ₩ 5,016,323 "," ₩ 5,255,491 "," ₩ 18,410,310,893,927 "," ₩ 622,369,878,153,466 "
2021. 11. 21," ₩ 5,258,189 "," ₩ 5,270,460 "," ₩ 5,065,972 "," ₩ 5,082,969 "," ₩ 16,797,374,388,278 "," ₩ 602,651,350,960,891 "
2021. 11. 22," ₩ 5,079,132 "," ₩ 5,106,717 "," ₩ 4,799,741 "," ₩ 4,867,309 "," ₩ 23,514,333,007,935 "," ₩ 576,512,887,884,578 "
2021. 11. 23," ₩ 4,868,765 "," ₩ 5,220,567 "," ₩ 4,837,945 "," ₩ 5,165,748 "," ₩ 26,349,928,248,150 "," ₩ 612,176,480,293,808 "
2021. 11. 24," ₩ 5,164,882 "," ₩ 5,206,910 "," ₩ 4,964,792 "," ₩ 5,040,911 "," ₩ 25,988,465,274,299 "," ₩ 597,746,901,461,800 "
2021. 11. 25," ₩ 5,078,258 "," ₩ 5,417,892 "," ₩ 5,055,914 "," ₩ 5,088,227 "," ₩ 22,238,786,849,006 "," ₩ 602,144,942,934,164 "
2021. 11. 26," ₩ 5,382,785 "," ₩ 5,426,370 "," ₩ 4,690,266 "," ₩ 4,820,322 "," ₩ 31,283,221,169,503 "," ₩ 568,573,043,012,201 "
2021. 11. 27," ₩ 4,834,780 "," ₩ 5,007,800 "," ₩ 4,823,437 "," ₩ 4,899,251 "," ₩ 19,750,127,362,640 "," ₩ 580,637,737,633,984 "
2021. 11. 28," ₩ 4,904,916 "," ₩ 5,139,089 "," ₩ 4,771,366 "," ₩ 5,134,949 "," ₩ 19,077,386,602,103 "," ₩ 608,702,540,305,816 "
2021. 11. 29," ₩ 5,137,930 "," ₩ 5,312,826 "," ₩ 5,105,801 "," ₩ 5,293,920 "," ₩ 22,822,012,520,226 "," ₩ 630,060,395,949,216 "
2021. 11. 30," ₩ 5,297,091 "," ₩ 5,626,368 "," ₩ 5,179,920 "," ₩ 5,478,831 "," ₩ 34,092,699,560,035 "," ₩ 653,936,444,031,233 "
2021. 12. 1," ₩ 5,469,605 "," ₩ 5,642,401 "," ₩ 5,332,720 "," ₩ 5,399,805 "," ₩ 32,690,756,413,276 "," ₩ 643,375,183,546,604 "
2021. 12. 2," ₩ 5,399,031 "," ₩ 5,441,058 "," ₩ 5,227,665 "," ₩ 5,309,239 "," ₩ 25,312,944,332,499 "," ₩ 629,750,448,872,370 "
2021. 12. 3," ₩ 5,312,833 "," ₩ 5,488,420 "," ₩ 4,854,284 "," ₩ 4,998,899 "," ₩ 30,457,044,279,304 "," ₩ 589,087,503,621,187 "
2021. 12. 4," ₩ 5,007,256 "," ₩ 5,024,978 "," ₩ 4,175,507 "," ₩ 4,879,136 "," ₩ 45,573,564,656,531 "," ₩ 578,701,785,870,946 "
2021. 12. 5," ₩ 4,879,185 "," ₩ 5,029,950 "," ₩ 4,785,133 "," ₩ 4,964,122 "," ₩ 30,240,721,143,272 "," ₩ 589,828,077,766,769 "
2021. 12. 6," ₩ 4,964,923 "," ₩ 5,166,177 "," ₩ 4,640,531 "," ₩ 5,146,143 "," ₩ 33,378,751,981,992 "," ₩ 611,414,422,936,695 "
2021. 12. 7," ₩ 5,145,966 "," ₩ 5,217,319 "," ₩ 5,019,959 "," ₩ 5,078,612 "," ₩ 26,406,669,796,439 "," ₩ 604,455,863,109,815 "
2021. 12. 8," ₩ 5,074,625 "," ₩ 5,224,600 "," ₩ 4,982,104 "," ₩ 5,205,813 "," ₩ 22,014,043,679,633 "," ₩ 619,986,934,367,006 "
2021. 12. 9," ₩ 5,198,387 "," ₩ 5,260,463 "," ₩ 4,804,878 "," ₩ 4,854,501 "," ₩ 26,145,559,042,506 "," ₩ 573,321,916,969,364 "
2021. 12. 10," ₩ 4,847,163 "," ₩ 4,985,504 "," ₩ 4,603,263 "," ₩ 4,615,934 "," ₩ 33,010,424,966,920 "," ₩ 546,610,855,630,466 "
2021. 12. 11," ₩ 4,617,318 "," ₩ 4,836,961 "," ₩ 4,542,190 "," ₩ 4,823,738 "," ₩ 22,594,304,398,610 "," ₩ 572,578,100,896,406 "
2021. 12. 12," ₩ 4,824,162 "," ₩ 4,929,032 "," ₩ 4,715,799 "," ₩ 4,882,684 "," ₩ 16,602,030,222,272 "," ₩ 579,654,678,961,337 "
2021. 12. 13," ₩ 4,884,936 "," ₩ 4,896,249 "," ₩ 4,360,836 "," ₩ 4,484,971 "," ₩ 28,343,201,448,393 "," ₩ 530,601,752,752,911 "
2021. 12. 14," ₩ 4,483,307 "," ₩ 4,582,850 "," ₩ 4,376,072 "," ₩ 4,439,205 "," ₩ 28,250,731,982,189 "," ₩ 527,076,027,848,840 "
2021. 12. 15," ₩ 4,577,653 "," ₩ 4,842,536 "," ₩ 4,355,244 "," ₩ 4,763,398 "," ₩ 31,303,309,121,498 "," ₩ 565,592,792,073,133 "
2021. 12. 16," ₩ 4,765,800 "," ₩ 4,875,661 "," ₩ 4,692,774 "," ₩ 4,700,381 "," ₩ 23,501,184,748,024 "," ₩ 557,865,791,454,790 "
2021. 12. 17," ₩ 4,696,280 "," ₩ 4,732,841 "," ₩ 4,404,744 "," ₩ 4,608,403 "," ₩ 27,453,447,039,015 "," ₩ 546,625,251,304,349 "
2021. 12. 18," ₩ 4,609,359 "," ₩ 4,744,231 "," ₩ 4,483,827 "," ₩ 4,705,066 "," ₩ 23,200,555,917,194 "," ₩ 558,938,541,532,929 "
2021. 12. 19," ₩ 4,705,081 "," ₩ 4,773,724 "," ₩ 4,626,117 "," ₩ 4,659,449 "," ₩ 19,205,550,832,925 "," ₩ 553,601,409,865,854 "
2021. 12. 20," ₩ 4,660,760 "," ₩ 4,727,127 "," ₩ 4,470,312 "," ₩ 4,682,337 "," ₩ 25,645,300,768,422 "," ₩ 555,234,732,998,406 "
2021. 12. 21," ₩ 4,687,835 "," ₩ 4,832,101 "," ₩ 4,671,258 "," ₩ 4,789,517 "," ₩ 19,506,805,595,019 "," ₩ 568,653,142,352,615 "
2021. 12. 22," ₩ 4,787,653 "," ₩ 4,852,843 "," ₩ 4,702,284 "," ₩ 4,730,555 "," ₩ 16,585,614,639,439 "," ₩ 563,827,906,366,681 "
2021. 12. 23," ₩ 4,730,391 "," ₩ 4,927,260 "," ₩ 4,627,409 "," ₩ 4,870,669 "," ₩ 21,391,830,878,468 "," ₩ 580,067,768,267,130 "
2021. 12. 24," ₩ 4,874,616 "," ₩ 4,904,084 "," ₩ 4,782,580 "," ₩ 4,805,037 "," ₩ 15,139,672,297,055 "," ₩ 570,546,873,093,370 "
2021. 12. 25," ₩ 4,807,172 "," ₩ 4,912,560 "," ₩ 4,781,230 "," ₩ 4,858,806 "," ₩ 12,932,328,314,307 "," ₩ 577,663,907,909,544 "
2021. 12. 26," ₩ 4,859,840 "," ₩ 4,872,746 "," ₩ 4,763,542 "," ₩ 4,821,817 "," ₩ 13,291,352,776,937 "," ₩ 574,066,836,114,147 "
2021. 12. 27," ₩ 4,818,757 "," ₩ 4,897,048 "," ₩ 4,787,255 "," ₩ 4,791,152 "," ₩ 13,543,578,782,721 "," ₩ 569,199,109,988,241 "
2021. 12. 28," ₩ 4,791,141 "," ₩ 4,791,141 "," ₩ 4,480,185 "," ₩ 4,518,274 "," ₩ 20,528,404,195,084 "," ₩ 536,416,664,239,408 "
2021. 12. 29," ₩ 4,514,164 "," ₩ 4,541,509 "," ₩ 4,279,977 "," ₩ 4,298,650 "," ₩ 18,690,030,830,128 "," ₩ 513,052,685,544,656 "
2021. 12. 30," ₩ 4,303,019 "," ₩ 4,486,523 "," ₩ 4,256,653 "," ₩ 4,421,676 "," ₩ 15,312,440,426,814 "," ₩ 523,382,877,795,750 "
2021. 12. 31," ₩ 4,421,174 "," ₩ 4,526,429 "," ₩ 4,327,966 "," ₩ 4,378,209 "," ₩ 16,855,525,310,655 "," ₩ 521,630,913,874,583 "
2022. 1. 1," ₩ 4,378,701 "," ₩ 4,481,980 "," ₩ 4,377,797 "," ₩ 4,481,717 "," ₩ 11,622,718,510,555 "," ₩ 533,257,399,893,102 "
2022. 1. 2," ₩ 4,481,244 "," ₩ 4,560,736 "," ₩ 4,431,381 "," ₩ 4,552,913 "," ₩ 11,747,883,893,647 "," ₩ 541,788,749,556,295 "
2022. 1. 3," ₩ 4,552,878 "," ₩ 4,581,822 "," ₩ 4,422,669 "," ₩ 4,497,406 "," ₩ 14,362,657,630,536 "," ₩ 532,205,386,640,008 "
2022. 1. 4," ₩ 4,497,384 "," ₩ 4,643,634 "," ₩ 4,449,296 "," ₩ 4,543,379 "," ₩ 16,776,495,068,006 "," ₩ 539,958,804,218,071 "
2022. 1. 5," ₩ 4,543,634 "," ₩ 4,601,260 "," ₩ 4,147,948 "," ₩ 4,261,353 "," ₩ 21,628,435,336,138 "," ₩ 506,106,653,938,900 "
2022. 1. 6," ₩ 4,260,539 "," ₩ 4,260,539 "," ₩ 4,022,599 "," ₩ 4,117,071 "," ₩ 29,158,628,805,602 "," ₩ 488,467,905,429,123 "
2022. 1. 7," ₩ 4,116,384 "," ₩ 4,119,544 "," ₩ 3,750,304 "," ₩ 3,824,365 "," ₩ 29,500,358,219,323 "," ₩ 457,911,391,873,677 "
2022. 1. 8," ₩ 3,824,714 "," ₩ 3,880,848 "," ₩ 3,617,671 "," ₩ 3,702,807 "," ₩ 19,207,670,757,442 "," ₩ 440,967,494,557,350 "
2022. 1. 9," ₩ 3,702,476 "," ₩ 3,840,308 "," ₩ 3,683,573 "," ₩ 3,781,843 "," ₩ 14,771,462,333,586 "," ₩ 450,362,847,712,960 "
2022. 1. 10," ₩ 3,781,626 "," ₩ 3,813,596 "," ₩ 3,536,919 "," ₩ 3,694,029 "," ₩ 23,396,745,795,004 "," ₩ 439,795,697,521,481 "
2022. 1. 11," ₩ 3,693,901 "," ₩ 3,867,445 "," ₩ 3,662,216 "," ₩ 3,851,750 "," ₩ 18,225,671,512,026 "," ₩ 462,160,501,419,389 "
2022. 1. 12," ₩ 3,852,152 "," ₩ 4,034,466 "," ₩ 3,833,917 "," ₩ 3,999,338 "," ₩ 19,820,569,188,682 "," ₩ 477,886,465,421,703 "
2022. 1. 13," ₩ 3,999,156 "," ₩ 4,022,866 "," ₩ 3,854,376 "," ₩ 3,855,150 "," ₩ 18,138,510,285,100 "," ₩ 458,995,953,108,432 "
2022. 1. 14," ₩ 3,855,578 "," ₩ 3,964,181 "," ₩ 3,808,193 "," ₩ 3,939,762 "," ₩ 16,096,856,714,145 "," ₩ 468,113,700,999,040 "
2022. 1. 15," ₩ 3,939,575 "," ₩ 4,004,675 "," ₩ 3,902,471 "," ₩ 3,964,198 "," ₩ 11,450,300,102,349 "," ₩ 472,433,987,870,427 "
2022. 1. 16," ₩ 3,964,027 "," ₩ 4,018,795 "," ₩ 3,917,817 "," ₩ 3,988,265 "," ₩ 11,314,534,042,671 "," ₩ 475,380,483,927,532 "
2022. 1. 17," ₩ 3,988,295 "," ₩ 3,994,094 "," ₩ 3,760,245 "," ₩ 3,826,080 "," ₩ 14,692,188,381,526 "," ₩ 455,744,249,980,001 "
2022. 1. 18," ₩ 3,826,059 "," ₩ 3,844,677 "," ₩ 3,695,319 "," ₩ 3,774,854 "," ₩ 15,512,679,213,173 "," ₩ 449,274,336,809,276 "
2022. 1. 19," ₩ 3,774,645 "," ₩ 3,780,097 "," ₩ 3,642,361 "," ₩ 3,678,615 "," ₩ 15,733,313,911,626 "," ₩ 440,372,611,907,690 "
2022. 1. 20," ₩ 3,677,956 "," ₩ 3,879,757 "," ₩ 3,578,598 "," ₩ 3,578,851 "," ₩ 12,650,017,723,860 "," ₩ 425,230,592,471,304 "
2022. 1. 21," ₩ 3,581,041 "," ₩ 3,617,046 "," ₩ 2,977,699 "," ₩ 3,050,589 "," ₩ 31,954,712,041,102 "," ₩ 363,773,876,118,199 "
2022. 1. 22," ₩ 3,054,422 "," ₩ 3,118,944 "," ₩ 2,779,053 "," ₩ 2,868,419 "," ₩ 32,641,094,721,602 "," ₩ 342,117,173,525,096 "
2022. 1. 23," ₩ 2,870,498 "," ₩ 3,031,762 "," ₩ 2,840,195 "," ₩ 3,022,891 "," ₩ 19,655,824,391,251 "," ₩ 360,629,435,507,749 "
2022. 1. 24," ₩ 3,023,907 "," ₩ 3,025,478 "," ₩ 2,602,732 "," ₩ 2,918,064 "," ₩ 33,651,713,712,502 "," ₩ 347,153,343,290,603 "
2022. 1. 25," ₩ 2,918,113 "," ₩ 2,988,612 "," ₩ 2,827,690 "," ₩ 2,938,035 "," ₩ 19,347,049,164,672 "," ₩ 350,380,013,277,967 "
2022. 1. 26," ₩ 2,937,609 "," ₩ 3,233,064 "," ₩ 2,905,694 "," ₩ 2,963,623 "," ₩ 25,397,340,543,091 "," ₩ 352,306,130,861,286 "
2022. 1. 27," ₩ 2,962,612 "," ₩ 3,020,750 "," ₩ 2,803,105 "," ₩ 2,916,327 "," ₩ 19,364,809,189,952 "," ₩ 347,220,287,704,616 "
2022. 1. 28," ₩ 2,914,697 "," ₩ 3,083,538 "," ₩ 2,853,555 "," ₩ 3,081,497 "," ₩ 17,652,288,722,175 "," ₩ 365,894,201,008,423 "
2022. 1. 29," ₩ 3,080,891 "," ₩ 3,178,908 "," ₩ 3,057,177 "," ₩ 3,141,979 "," ₩ 13,516,073,127,972 "," ₩ 375,042,908,381,356 "
2022. 1. 30," ₩ 3,143,770 "," ₩ 3,183,504 "," ₩ 3,085,318 "," ₩ 3,149,370 "," ₩ 11,494,672,392,035 "," ₩ 376,007,473,046,674 "
2022. 1. 31," ₩ 3,149,124 "," ₩ 3,250,670 "," ₩ 3,017,441 "," ₩ 3,242,388 "," ₩ 16,667,297,642,645 "," ₩ 388,259,755,263,065 "
2022. 2. 1," ₩ 3,241,930 "," ₩ 3,376,120 "," ₩ 3,235,542 "," ₩ 3,357,661 "," ₩ 15,914,573,878,485 "," ₩ 402,114,884,678,835 "
2022. 2. 2," ₩ 3,357,470 "," ₩ 3,372,421 "," ₩ 3,156,220 "," ₩ 3,219,693 "," ₩ 16,686,946,028,795 "," ₩ 385,278,900,970,890 "
2022. 2. 3," ₩ 3,218,939 "," ₩ 3,266,786 "," ₩ 3,108,058 "," ₩ 3,216,736 "," ₩ 15,307,881,628,735 "," ₩ 384,008,148,966,004 "
2022. 2. 4," ₩ 3,219,012 "," ₩ 3,575,501 "," ₩ 3,214,464 "," ₩ 3,575,501 "," ₩ 22,797,010,170,320 "," ₩ 427,887,298,214,896 "
2022. 2. 5," ₩ 3,576,530 "," ₩ 3,660,039 "," ₩ 3,555,361 "," ₩ 3,612,724 "," ₩ 15,701,418,377,599 "," ₩ 431,576,603,831,879 "
2022. 2. 6," ₩ 3,613,098 "," ₩ 3,668,583 "," ₩ 3,553,742 "," ₩ 3,664,047 "," ₩ 11,343,981,337,964 "," ₩ 437,757,848,314,915 "
2022. 2. 7," ₩ 3,663,982 "," ₩ 3,813,335 "," ₩ 3,596,412 "," ₩ 3,761,537 "," ₩ 18,211,999,802,015 "," ₩ 449,977,917,930,670 "
2022. 2. 8," ₩ 3,762,181 "," ₩ 3,857,227 "," ₩ 3,635,586 "," ₩ 3,736,217 "," ₩ 20,511,888,844,376 "," ₩ 446,665,850,227,779 "
2022. 2. 9," ₩ 3,734,511 "," ₩ 3,896,930 "," ₩ 3,662,550 "," ₩ 3,868,479 "," ₩ 16,692,810,365,233 "," ₩ 463,241,167,482,290 "
2022. 2. 10," ₩ 3,869,262 "," ₩ 3,910,573 "," ₩ 3,682,767 "," ₩ 3,691,286 "," ₩ 22,246,865,345,730 "," ₩ 439,271,763,971,122 "
2022. 2. 11," ₩ 3,691,203 "," ₩ 3,735,897 "," ₩ 3,465,857 "," ₩ 3,512,260 "," ₩ 19,243,833,142,936 "," ₩ 419,740,641,717,552 "
2022. 2. 12," ₩ 3,512,264 "," ₩ 3,575,484 "," ₩ 3,443,581 "," ₩ 3,500,237 "," ₩ 13,502,919,764,884 "," ₩ 418,471,378,532,982 "
2022. 2. 13," ₩ 3,499,549 "," ₩ 3,536,728 "," ₩ 3,413,894 "," ₩ 3,459,543 "," ₩ 10,864,100,008,076 "," ₩ 413,656,034,639,950 "
2022. 2. 14," ₩ 3,455,612 "," ₩ 3,541,035 "," ₩ 3,405,483 "," ₩ 3,512,841 "," ₩ 14,594,874,268,973 "," ₩ 420,875,950,375,764 "
2022. 2. 15," ₩ 3,513,141 "," ₩ 3,812,766 "," ₩ 3,495,842 "," ₩ 3,806,011 "," ₩ 16,670,706,303,311 "," ₩ 455,409,549,681,149 "
2022. 2. 16," ₩ 3,806,693 "," ₩ 3,808,093 "," ₩ 3,662,109 "," ₩ 3,743,262 "," ₩ 14,784,657,500,580 "," ₩ 447,783,503,862,775 "
2022. 2. 17," ₩ 3,742,099 "," ₩ 3,776,849 "," ₩ 3,430,693 "," ₩ 3,454,335 "," ₩ 18,980,860,515,580 "," ₩ 412,512,889,046,029 "
2022. 2. 18," ₩ 3,457,762 "," ₩ 3,509,442 "," ₩ 3,304,991 "," ₩ 3,330,978 "," ₩ 18,878,989,052,108 "," ₩ 399,531,115,866,377 "
2022. 2. 19," ₩ 3,329,956 "," ₩ 3,379,549 "," ₩ 3,237,294 "," ₩ 3,304,640 "," ₩ 11,687,284,040,263 "," ₩ 395,399,933,764,694 "
2022. 2. 20," ₩ 3,304,707 "," ₩ 3,304,707 "," ₩ 3,092,094 "," ₩ 3,142,860 "," ₩ 13,920,016,460,681 "," ₩ 376,121,107,192,425 "
2022. 2. 21," ₩ 3,141,685 "," ₩ 3,276,719 "," ₩ 3,068,339 "," ₩ 3,075,015 "," ₩ 22,293,969,731,147 "," ₩ 368,282,672,032,668 "
2022. 2. 22," ₩ 3,073,919 "," ₩ 3,158,273 "," ₩ 2,995,194 "," ₩ 3,148,681 "," ₩ 19,546,022,351,754 "," ₩ 377,414,279,667,053 "
2022. 2. 23," ₩ 3,148,858 "," ₩ 3,263,594 "," ₩ 3,087,146 "," ₩ 3,089,015 "," ₩ 15,965,472,510,152 "," ₩ 369,921,574,596,016 "
2022. 2. 24," ₩ 3,086,399 "," ₩ 3,241,164 "," ₩ 2,780,422 "," ₩ 3,133,412 "," ₩ 34,955,091,711,351 "," ₩ 370,910,566,517,240 "
2022. 2. 25," ₩ 3,133,857 "," ₩ 3,380,243 "," ₩ 3,103,102 "," ₩ 3,311,444 "," ₩ 20,754,882,359,054 "," ₩ 399,206,104,532,245 "
2022. 2. 26," ₩ 3,311,987 "," ₩ 3,413,375 "," ₩ 3,288,054 "," ₩ 3,331,543 "," ₩ 14,044,135,534,330 "," ₩ 398,906,355,522,509 "
2022. 2. 27," ₩ 3,330,815 "," ₩ 3,391,455 "," ₩ 3,092,337 "," ₩ 3,141,126 "," ₩ 19,347,398,097,263 "," ₩ 376,126,016,775,749 "
2022. 2. 28," ₩ 3,140,372 "," ₩ 3,518,438 "," ₩ 3,110,761 "," ₩ 3,506,413 "," ₩ 23,082,342,247,693 "," ₩ 418,894,839,793,255 "
2022. 3. 1," ₩ 3,507,103 "," ₩ 3,640,298 "," ₩ 3,445,511 "," ₩ 3,582,959 "," ₩ 22,530,575,769,616 "," ₩ 427,684,364,143,649 "
2022. 3. 2," ₩ 3,582,943 "," ₩ 3,648,938 "," ₩ 3,513,098 "," ₩ 3,549,804 "," ₩ 20,053,242,285,803 "," ₩ 426,005,530,533,192 "
2022. 3. 3," ₩ 3,549,850 "," ₩ 3,568,563 "," ₩ 3,380,896 "," ₩ 3,421,176 "," ₩ 15,752,316,219,975 "," ₩ 408,638,546,450,505 "
2022. 3. 4," ₩ 3,421,801 "," ₩ 3,422,029 "," ₩ 3,149,095 "," ₩ 3,184,883 "," ₩ 17,497,660,432,804 "," ₩ 378,517,019,704,458 "
2022. 3. 5," ₩ 3,186,486 "," ₩ 3,260,267 "," ₩ 3,160,342 "," ₩ 3,245,285 "," ₩ 9,823,466,910,416 "," ₩ 388,628,431,273,694 "
2022. 3. 6," ₩ 3,245,422 "," ₩ 3,253,616 "," ₩ 3,110,488 "," ₩ 3,110,488 "," ₩ 10,805,688,371,251 "," ₩ 372,932,324,815,133 "
2022. 3. 7," ₩ 3,110,805 "," ₩ 3,237,643 "," ₩ 3,026,687 "," ₩ 3,078,128 "," ₩ 17,766,772,068,524 "," ₩ 364,487,646,236,088 "
2022. 3. 8," ₩ 3,078,067 "," ₩ 3,216,972 "," ₩ 3,066,859 "," ₩ 3,179,992 "," ₩ 17,157,914,039,647 "," ₩ 380,674,928,951,413 "
2022. 3. 9," ₩ 3,180,508 "," ₩ 3,398,763 "," ₩ 3,176,410 "," ₩ 3,339,290 "," ₩ 17,491,873,841,190 "," ₩ 403,905,523,651,343 "
2022. 3. 10," ₩ 3,338,474 "," ₩ 3,338,474 "," ₩ 3,150,845 "," ₩ 3,204,614 "," ₩ 16,260,421,525,369 "," ₩ 382,550,399,719,327 "
2022. 3. 11," ₩ 3,204,887 "," ₩ 3,279,739 "," ₩ 3,128,420 "," ₩ 3,166,448 "," ₩ 15,214,774,236,774 "," ₩ 377,156,393,094,980 "
2022. 3. 12," ₩ 3,166,569 "," ₩ 3,224,438 "," ₩ 3,165,909 "," ₩ 3,185,241 "," ₩ 8,082,002,726,133 "," ₩ 382,021,349,652,080 "
2022. 3. 13," ₩ 3,183,675 "," ₩ 3,209,730 "," ₩ 3,096,941 "," ₩ 3,115,567 "," ₩ 10,678,690,829,348 "," ₩ 373,782,423,442,843 "
2022. 3. 14," ₩ 3,115,000 "," ₩ 3,221,580 "," ₩ 3,098,690 "," ₩ 3,217,899 "," ₩ 13,907,682,155,314 "," ₩ 384,395,279,536,791 "
2022. 3. 15," ₩ 3,217,865 "," ₩ 3,307,062 "," ₩ 3,137,160 "," ₩ 3,253,584 "," ₩ 15,974,754,924,876 "," ₩ 390,457,782,339,635 "
2022. 3. 16," ₩ 3,253,433 "," ₩ 3,400,572 "," ₩ 3,242,400 "," ₩ 3,390,363 "," ₩ 22,246,177,131,604 "," ₩ 413,027,267,209,774 "
2022. 3. 17," ₩ 3,390,251 "," ₩ 3,423,263 "," ₩ 3,334,601 "," ₩ 3,407,677 "," ₩ 15,514,713,595,795 "," ₩ 413,132,931,256,294 "
2022. 3. 18," ₩ 3,407,169 "," ₩ 3,601,500 "," ₩ 3,368,347 "," ₩ 3,567,900 "," ₩ 19,164,941,384,274 "," ₩ 427,934,452,846,712 "
2022. 3. 19," ₩ 3,567,148 "," ₩ 3,609,867 "," ₩ 3,526,058 "," ₩ 3,569,008 "," ₩ 14,023,380,129,821 "," ₩ 428,386,284,236,624 "
2022. 3. 20," ₩ 3,569,359 "," ₩ 3,581,979 "," ₩ 3,423,462 "," ₩ 3,465,418 "," ₩ 15,365,898,141,142 "," ₩ 415,957,606,293,659 "
2022. 3. 21," ₩ 3,464,987 "," ₩ 3,594,346 "," ₩ 3,444,121 "," ₩ 3,535,174 "," ₩ 18,422,058,762,945 "," ₩ 421,502,503,572,708 "
2022. 3. 22," ₩ 3,534,927 "," ₩ 3,716,223 "," ₩ 3,529,138 "," ₩ 3,612,503 "," ₩ 20,531,182,284,875 "," ₩ 435,475,795,948,116 "
2022. 3. 23," ₩ 3,612,520 "," ₩ 3,698,322 "," ₩ 3,555,839 "," ₩ 3,696,719 "," ₩ 19,451,453,142,207 "," ₩ 442,255,199,785,518 "
2022. 3. 24," ₩ 3,696,712 "," ₩ 3,808,467 "," ₩ 3,683,384 "," ₩ 3,793,847 "," ₩ 22,038,963,638,200 "," ₩ 455,242,165,315,645 "
2022. 3. 25," ₩ 3,794,320 "," ₩ 3,883,042 "," ₩ 3,783,851 "," ₩ 3,807,070 "," ₩ 20,788,236,304,998 "," ₩ 455,477,126,753,641 "
2022. 3. 26," ₩ 3,806,744 "," ₩ 3,856,277 "," ₩ 3,788,877 "," ₩ 3,851,809 "," ₩ 10,877,609,796,099 "," ₩ 462,694,500,713,084 "
2022. 3. 27," ₩ 3,852,564 "," ₩ 4,033,431 "," ₩ 3,835,656 "," ₩ 4,033,431 "," ₩ 16,460,081,211,426 "," ₩ 484,594,305,808,408 "
2022. 3. 28," ₩ 4,034,343 "," ₩ 4,194,634 "," ₩ 4,014,374 "," ₩ 4,083,373 "," ₩ 25,267,871,303,279 "," ₩ 491,254,690,417,303 "
2022. 3. 29," ₩ 4,081,399 "," ₩ 4,237,888 "," ₩ 4,081,399 "," ₩ 4,114,381 "," ₩ 23,904,881,465,969 "," ₩ 500,287,594,147,974 "
2022. 3. 30," ₩ 4,113,823 "," ₩ 4,153,182 "," ₩ 4,055,972 "," ₩ 4,097,869 "," ₩ 18,506,927,427,328 "," ₩ 492,012,462,133,924 "
2022. 3. 31," ₩ 4,098,028 "," ₩ 4,155,601 "," ₩ 3,975,306 "," ₩ 3,985,883 "," ₩ 21,408,999,947,421 "," ₩ 477,468,363,186,754 "
2022. 4. 1," ₩ 3,987,017 "," ₩ 4,230,995 "," ₩ 3,918,418 "," ₩ 4,207,660 "," ₩ 25,485,938,362,462 "," ₩ 503,638,787,450,350 "
2022. 4. 2," ₩ 4,207,949 "," ₩ 4,295,193 "," ₩ 4,198,449 "," ₩ 4,202,180 "," ₩ 28,751,877,124,021 "," ₩ 505,179,824,267,510 "
2022. 4. 3," ₩ 4,201,877 "," ₩ 4,359,422 "," ₩ 4,173,150 "," ₩ 4,297,083 "," ₩ 18,703,719,776,148 "," ₩ 516,642,221,550,074 "
2022. 4. 4," ₩ 4,296,512 "," ₩ 4,294,953 "," ₩ 4,157,356 "," ₩ 4,277,252 "," ₩ 22,212,163,867,669 "," ₩ 516,470,881,108,815 "
2022. 4. 5," ₩ 4,277,250 "," ₩ 4,308,355 "," ₩ 4,156,946 "," ₩ 4,158,463 "," ₩ 20,263,021,936,260 "," ₩ 498,389,495,318,102 "
2022. 4. 6," ₩ 4,158,317 "," ₩ 4,158,317 "," ₩ 3,861,577 "," ₩ 3,862,170 "," ₩ 31,242,250,190,863 "," ₩ 464,950,935,706,544 "
2022. 4. 7," ₩ 3,862,786 "," ₩ 3,977,636 "," ₩ 3,844,319 "," ₩ 3,953,648 "," ₩ 20,390,996,825,567 "," ₩ 473,584,728,092,993 "
2022. 4. 8," ₩ 3,953,645 "," ₩ 4,048,864 "," ₩ 3,907,659 "," ₩ 3,923,554 "," ₩ 21,468,761,557,823 "," ₩ 469,560,416,483,767 "
2022. 4. 9," ₩ 3,923,433 "," ₩ 4,009,458 "," ₩ 3,917,894 "," ₩ 4,009,401 "," ₩ 12,178,605,596,842 "," ₩ 482,381,898,033,198 "
2022. 4. 10," ₩ 4,008,633 "," ₩ 4,059,903 "," ₩ 3,948,158 "," ₩ 3,948,158 "," ₩ 12,816,466,530,281 "," ₩ 475,033,778,944,872 "
2022. 4. 11," ₩ 3,945,344 "," ₩ 3,953,704 "," ₩ 3,659,150 "," ₩ 3,682,166 "," ₩ 26,910,304,039,610 "," ₩ 440,976,715,229,984 "
2022. 4. 12," ₩ 3,682,621 "," ₩ 3,777,545 "," ₩ 3,659,692 "," ₩ 3,723,424 "," ₩ 24,994,943,436,071 "," ₩ 450,493,065,342,540 "
2022. 4. 13," ₩ 3,722,811 "," ₩ 3,822,444 "," ₩ 3,689,253 "," ₩ 3,814,499 "," ₩ 19,767,907,548,456 "," ₩ 461,186,069,944,084 "
2022. 4. 14," ₩ 3,813,860 "," ₩ 3,845,522 "," ₩ 3,675,815 "," ₩ 3,715,168 "," ₩ 19,353,472,823,307 "," ₩ 444,694,980,683,035 "
2022. 4. 15," ₩ 3,715,445 "," ₩ 3,748,727 "," ₩ 3,687,425 "," ₩ 3,737,560 "," ₩ 13,848,214,135,466 "," ₩ 450,393,834,973,615 "
2022. 4. 16," ₩ 3,737,814 "," ₩ 3,779,313 "," ₩ 3,707,453 "," ₩ 3,763,855 "," ₩ 10,775,076,042,064 "," ₩ 453,194,373,007,659 "
2022. 4. 17," ₩ 3,763,328 "," ₩ 3,780,405 "," ₩ 3,673,805 "," ₩ 3,679,163 "," ₩ 12,860,080,862,278 "," ₩ 443,046,288,021,454 "
2022. 4. 18," ₩ 3,679,262 "," ₩ 3,781,815 "," ₩ 3,572,549 "," ₩ 3,777,444 "," ₩ 22,897,194,774,545 "," ₩ 452,599,658,124,087 "
2022. 4. 19," ₩ 3,777,399 "," ₩ 3,880,244 "," ₩ 3,765,473 "," ₩ 3,848,254 "," ₩ 17,488,719,658,266 "," ₩ 461,902,608,712,650 "
2022. 4. 20," ₩ 3,848,041 "," ₩ 3,902,748 "," ₩ 3,759,572 "," ₩ 3,798,569 "," ₩ 19,274,531,421,128 "," ₩ 459,627,293,761,333 "
2022. 4. 21," ₩ 3,798,672 "," ₩ 3,925,334 "," ₩ 3,680,354 "," ₩ 3,712,064 "," ₩ 25,651,212,044,687 "," ₩ 444,207,585,683,975 "
2022. 4. 22," ₩ 3,711,391 "," ₩ 3,752,088 "," ₩ 3,667,577 "," ₩ 3,688,048 "," ₩ 20,853,294,691,732 "," ₩ 443,866,999,079,655 "
2022. 4. 23," ₩ 3,688,007 "," ₩ 3,701,769 "," ₩ 3,640,660 "," ₩ 3,656,424 "," ₩ 11,340,854,591,320 "," ₩ 440,403,546,869,150 "
2022. 4. 24," ₩ 3,655,470 "," ₩ 3,686,003 "," ₩ 3,636,531 "," ₩ 3,636,349 "," ₩ 12,067,510,474,978 "," ₩ 438,344,378,996,822 "
2022. 4. 25," ₩ 3,636,669 "," ₩ 3,775,154 "," ₩ 3,507,534 "," ₩ 3,762,359 "," ₩ 27,785,451,788,116 "," ₩ 451,275,551,332,227 "
2022. 4. 26," ₩ 3,761,800 "," ₩ 3,775,892 "," ₩ 3,513,408 "," ₩ 3,540,731 "," ₩ 23,818,962,417,554 "," ₩ 423,212,857,966,271 "
2022. 4. 27," ₩ 3,541,169 "," ₩ 3,693,516 "," ₩ 3,539,540 "," ₩ 3,658,598 "," ₩ 21,962,407,511,140 "," ₩ 439,105,922,452,937 "
2022. 4. 28," ₩ 3,658,497 "," ₩ 3,786,441 "," ₩ 3,649,100 "," ₩ 3,736,995 "," ₩ 23,357,248,466,138 "," ₩ 448,439,319,854,070 "
2022. 4. 29," ₩ 3,736,785 "," ₩ 3,736,816 "," ₩ 3,514,602 "," ₩ 3,557,471 "," ₩ 23,884,471,279,621 "," ₩ 431,993,881,568,860 "
2022. 4. 30," ₩ 3,557,384 "," ₩ 3,584,289 "," ₩ 3,446,037 "," ₩ 3,449,550 "," ₩ 17,083,507,235,178 "," ₩ 415,996,987,110,903 "
2022. 5. 1," ₩ 3,449,307 "," ₩ 3,586,660 "," ₩ 3,446,887 "," ₩ 3,572,953 "," ₩ 19,372,674,556,164 "," ₩ 430,911,414,508,333 "
2022. 5. 2," ₩ 3,572,773 "," ₩ 3,643,876 "," ₩ 3,537,364 "," ₩ 3,621,373 "," ₩ 23,513,952,125,442 "," ₩ 435,493,303,322,427 "
2022. 5. 3," ₩ 3,621,046 "," ₩ 3,624,859 "," ₩ 3,481,902 "," ₩ 3,510,520 "," ₩ 16,508,773,300,315 "," ₩ 425,559,045,049,002 "
2022. 5. 4," ₩ 3,510,085 "," ₩ 3,726,097 "," ₩ 3,502,096 "," ₩ 3,680,205 "," ₩ 22,937,129,029,438 "," ₩ 447,451,020,065,650 "
2022. 5. 5," ₩ 3,679,682 "," ₩ 3,695,352 "," ₩ 3,441,708 "," ₩ 3,490,586 "," ₩ 28,337,529,808,829 "," ₩ 415,149,300,700,994 "
2022. 5. 6," ₩ 3,490,229 "," ₩ 3,512,404 "," ₩ 3,359,617 "," ₩ 3,422,629 "," ₩ 26,698,056,304,615 "," ₩ 412,913,851,684,130 "
2022. 5. 7," ₩ 3,422,644 "," ₩ 3,424,754 "," ₩ 3,301,399 "," ₩ 3,347,842 "," ₩ 16,979,003,232,263 "," ₩ 404,042,109,846,049 "
2022. 5. 8," ₩ 3,347,879 "," ₩ 3,351,319 "," ₩ 3,173,010 "," ₩ 3,200,023 "," ₩ 26,418,917,432,903 "," ₩ 385,901,488,234,727 "
2022. 5. 9," ₩ 3,201,356 "," ₩ 3,227,059 "," ₩ 2,856,411 "," ₩ 2,862,921 "," ₩ 46,184,749,068,210 "," ₩ 344,545,749,283,870 "
2022. 5. 10," ₩ 2,859,376 "," ₩ 3,119,919 "," ₩ 2,817,333 "," ₩ 2,991,843 "," ₩ 48,707,624,664,727 "," ₩ 360,728,908,206,475 "
2022. 5. 11," ₩ 2,990,877 "," ₩ 3,109,979 "," ₩ 2,582,482 "," ₩ 2,650,566 "," ₩ 58,398,310,529,658 "," ₩ 319,401,153,693,704 "
2022. 5. 12," ₩ 2,651,073 "," ₩ 2,782,906 "," ₩ 2,257,433 "," ₩ 2,532,262 "," ₩ 54,317,755,773,601 "," ₩ 303,010,980,632,597 "
2022. 5. 13," ₩ 2,530,224 "," ₩ 2,741,894 "," ₩ 2,503,267 "," ₩ 2,575,565 "," ₩ 32,033,858,253,933 "," ₩ 314,031,174,206,205 "
2022. 5. 14," ₩ 2,575,389 "," ₩ 2,638,229 "," ₩ 2,501,606 "," ₩ 2,629,080 "," ₩ 19,762,836,249,168 "," ₩ 317,539,628,314,742 "
2022. 5. 15," ₩ 2,628,964 "," ₩ 2,745,337 "," ₩ 2,567,567 "," ₩ 2,743,435 "," ₩ 18,981,688,931,497 "," ₩ 331,386,741,454,676 "
2022. 5. 16," ₩ 2,743,601 "," ₩ 2,743,601 "," ₩ 2,550,384 "," ₩ 2,590,849 "," ₩ 27,437,526,704,170 "," ₩ 312,428,506,960,016 "
2022. 5. 17," ₩ 2,591,049 "," ₩ 2,676,572 "," ₩ 2,556,295 "," ₩ 2,648,047 "," ₩ 23,708,810,584,758 "," ₩ 323,499,255,562,657 "
2022. 5. 18," ₩ 2,648,111 "," ₩ 2,662,644 "," ₩ 2,445,375 "," ₩ 2,445,375 "," ₩ 22,473,545,569,308 "," ₩ 293,375,082,972,006 "
2022. 5. 19," ₩ 2,444,729 "," ₩ 2,566,300 "," ₩ 2,432,206 "," ₩ 2,550,471 "," ₩ 23,902,183,872,582 "," ₩ 311,189,909,804,867 "
2022. 5. 20," ₩ 2,550,046 "," ₩ 2,603,523 "," ₩ 2,459,895 "," ₩ 2,498,216 "," ₩ 20,082,535,244,098 "," ₩ 299,537,496,317,030 "
2022. 5. 21," ₩ 2,497,837 "," ₩ 2,528,888 "," ₩ 2,476,498 "," ₩ 2,515,033 "," ₩ 10,886,472,305,291 "," ₩ 303,995,219,223,685 "
2022. 5. 22," ₩ 2,515,227 "," ₩ 2,607,829 "," ₩ 2,504,232 "," ₩ 2,603,429 "," ₩ 13,936,201,229,562 "," ₩ 314,598,262,444,157 "
2022. 5. 23," ₩ 2,602,377 "," ₩ 2,639,182 "," ₩ 2,473,379 "," ₩ 2,482,869 "," ₩ 20,941,048,557,531 "," ₩ 303,811,284,190,553 "
2022. 5. 24," ₩ 2,483,132 "," ₩ 2,518,047 "," ₩ 2,425,806 "," ₩ 2,495,725 "," ₩ 16,438,182,099,019 "," ₩ 301,238,615,753,323 "
2022. 5. 25," ₩ 2,495,339 "," ₩ 2,545,988 "," ₩ 2,454,705 "," ₩ 2,463,513 "," ₩ 16,854,229,088,410 "," ₩ 296,581,637,236,741 "
2022. 5. 26," ₩ 2,463,774 "," ₩ 2,480,323 "," ₩ 2,225,034 "," ₩ 2,272,732 "," ₩ 29,715,112,258,921 "," ₩ 276,340,047,924,563 "
2022. 5. 27," ₩ 2,271,007 "," ₩ 2,276,527 "," ₩ 2,159,365 "," ₩ 2,163,954 "," ₩ 32,090,358,326,891 "," ₩ 262,847,181,753,663 "
2022. 5. 28," ₩ 2,211,073 "," ₩ 2,258,731 "," ₩ 2,163,595 "," ₩ 2,248,626 "," ₩ 16,180,457,759,189 "," ₩ 271,997,248,954,532 "
2022. 5. 29," ₩ 2,248,336 "," ₩ 2,288,694 "," ₩ 2,215,408 "," ₩ 2,269,734 "," ₩ 13,351,325,681,390 "," ₩ 275,003,063,677,384 "
2022. 5. 30," ₩ 2,269,552 "," ₩ 2,479,408 "," ₩ 2,259,552 "," ₩ 2,469,958 "," ₩ 24,526,745,638,099 "," ₩ 302,555,791,119,616 "
2022. 5. 31," ₩ 2,469,917 "," ₩ 2,478,116 "," ₩ 2,400,677 "," ₩ 2,413,807 "," ₩ 22,718,484,137,731 "," ₩ 290,764,357,963,612 "
2022. 6. 1," ₩ 2,413,463 "," ₩ 2,439,942 "," ₩ 2,215,359 "," ₩ 2,274,538 "," ₩ 26,144,497,535,520 "," ₩ 274,242,071,440,398 "
2022. 6. 2," ₩ 2,273,095 "," ₩ 2,290,583 "," ₩ 2,231,250 "," ₩ 2,276,557 "," ₩ 21,285,226,081,121 "," ₩ 276,875,075,880,680 "
2022. 6. 3," ₩ 2,276,538 "," ₩ 2,285,094 "," ₩ 2,185,544 "," ₩ 2,222,097 "," ₩ 18,466,650,237,722 "," ₩ 266,676,863,439,787 "
2022. 6. 4," ₩ 2,222,275 "," ₩ 2,265,644 "," ₩ 2,192,622 "," ₩ 2,254,768 "," ₩ 10,863,319,741,607 "," ₩ 273,007,471,447,221 "
2022. 6. 5," ₩ 2,255,031 "," ₩ 2,285,118 "," ₩ 2,224,136 "," ₩ 2,259,272 "," ₩ 11,076,523,511,923 "," ₩ 273,514,657,434,304 "
2022. 6. 6," ₩ 2,259,811 "," ₩ 2,398,638 "," ₩ 2,258,999 "," ₩ 2,333,046 "," ₩ 20,673,395,551,777 "," ₩ 281,738,156,418,743 "
2022. 6. 7," ₩ 2,333,101 "," ₩ 2,336,520 "," ₩ 2,172,823 "," ₩ 2,276,458 "," ₩ 30,140,512,406,006 "," ₩ 275,629,736,105,732 "
2022. 6. 8," ₩ 2,276,524 "," ₩ 2,295,190 "," ₩ 2,222,584 "," ₩ 2,255,020 "," ₩ 22,640,338,468,704 "," ₩ 272,568,012,744,452 "
2022. 6. 9," ₩ 2,254,945 "," ₩ 2,293,162 "," ₩ 2,242,055 "," ₩ 2,263,002 "," ₩ 15,103,793,126,308 "," ₩ 272,540,520,340,107 "
2022. 6. 10," ₩ 2,262,830 "," ₩ 2,274,868 "," ₩ 2,128,414 "," ₩ 2,130,472 "," ₩ 23,396,838,684,525 "," ₩ 254,995,208,823,417 "
2022. 6. 11," ₩ 2,130,696 "," ₩ 2,148,733 "," ₩ 1,927,925 "," ₩ 1,956,868 "," ₩ 27,032,744,269,756 "," ₩ 237,095,498,830,851 "
2022. 6. 12," ₩ 1,957,541 "," ₩ 1,969,714 "," ₩ 1,837,281 "," ₩ 1,848,837 "," ₩ 30,018,400,995,218 "," ₩ 223,985,218,979,675 "